,Twitter Account,Number of Tweets Ago,Date,Tweet,Compound Score,Positive Score,Neutral Score,Negative Score
0,BBC,1,Mon Jan 15 07:02:40 +0000 2018,Carillion to go into liquidation https://t.co/iv2ImwQJko,0.0,0.0,1.0,0.0
1,BBC,2,Sun Jan 14 13:00:52 +0000 2018,Cassie Hayes death: Tribute to Tui Southport travel agent https://t.co/pkc5DatgHK,-0.5994,0.0,0.698,0.302
2,BBC,3,Sun Jan 14 03:00:30 +0000 2018,Sturgeon: UK Brexit plan 'beggars belief' https://t.co/akMUpx7fo9,0.0,0.0,1.0,0.0
3,BBC,4,Sat Jan 13 01:26:11 +0000 2018,Nottingham railway station to reopen after huge fire https://t.co/rnRs2EoEYz,-0.0258,0.197,0.598,0.205
4,BBC,5,Fri Jan 12 19:30:34 +0000 2018,"RT @BBCSport: Ryan Giggs and Craig Bellamy have both been interviewed for the Wales manager job. üëÄ

‚û°Ô∏è https://t.co/MV9q3voeoZ https://t.co‚Ä¶",0.0,0.0,1.0,0.0
5,BBC,6,Fri Jan 12 14:07:13 +0000 2018,Katie Hopkins refused libel appeal bid over Jack Monroe tweets https://t.co/7ave4cP8pW,-0.296,0.0,0.82,0.18
6,BBC,7,Fri Jan 12 08:17:08 +0000 2018,"18-year-old woman dies in hospital after catching flu virus 
https://t.co/zS9XGHmYuQ",-0.3818,0.0,0.776,0.224
7,BBC,8,Thu Jan 11 22:45:15 +0000 2018,"Friday's Mirror: ""Farage: I want 2nd referendum"" https://t.co/BVmQIiezAa #bbcpapers #tomorrowspaperstoday (via @hendopolis)",0.0772,0.115,0.885,0.0
8,BBC,9,Thu Jan 11 14:54:51 +0000 2018,Motorhead guitarist 'Fast' Eddie Clarke dies at 67 https://t.co/WlOFYlQvV8,0.0,0.0,1.0,0.0
9,BBC,10,Thu Jan 11 10:52:48 +0000 2018,RT @BBCNormanS: PM hails BBCs Blue Planet and Daily Mail for highlighting problem of plastic pollution,-0.4019,0.0,0.847,0.153
10,BBC,11,Thu Jan 11 00:54:58 +0000 2018,Brexit: May to meet UK financial services chiefs https://t.co/hJohWuvstv,0.0,0.0,1.0,0.0
11,BBC,12,Wed Jan 10 17:58:54 +0000 2018,Bigamist spotted on Ant and Dec TV show with 'second wife' is jailed https://t.co/XKGaREqVlb,-0.4939,0.0,0.802,0.198
12,BBC,13,Wed Jan 10 13:43:50 +0000 2018,"Coco-nuts! Pointless packaging or is this plastic-style wrap worthwhile?

https://t.co/ByLP9Xo542 https://t.co/n2UZRi7ZBN",0.4003,0.212,0.788,0.0
13,BBC,14,Wed Jan 10 09:52:56 +0000 2018,South Wales Police want mental health lessons for young people https://t.co/ZORHUTh0vo,0.0772,0.115,0.885,0.0
14,BBC,15,Tue Jan 09 22:59:04 +0000 2018,"Wednesday's Mail: ""Massacre Of The Middle-Aged Men"" https://t.co/GDgA4lJEeQ #bbcpapers #tomorrowspaperstoday (via @AllieHBNews)",0.0,0.0,1.0,0.0
15,BBC,16,Tue Jan 09 20:30:50 +0000 2018,üëÄ https://t.co/sabGhUYyvo,0.0,0.0,1.0,0.0
16,BBC,17,Tue Jan 09 15:39:47 +0000 2018,"Improvements to how victims are told about attackers being released to be looked at by Government, in response to J‚Ä¶ https://t.co/e5kUvq8g4g",-0.5719,0.087,0.684,0.228
17,BBC,18,Tue Jan 09 12:25:43 +0000 2018,RT @bbclaurak: And Jo Johnson gets moved (after Toby Young fiasco?) https://t.co/P8xDVcCi05,0.0,0.0,1.0,0.0
18,BBC,19,Tue Jan 09 09:54:10 +0000 2018,Storm Eleanor leaves 'tidal wave of waste' in Cornwall https://t.co/zUsBOvCYWZ,-0.4215,0.0,0.763,0.237
19,BBC,20,Tue Jan 09 07:42:55 +0000 2018,"RT @BBCNewsEnts: #Baftas Best film
Call Me By Your Name 
Darkest Hour
Dunkirk
The Shape of Water
Three Billboards Outside Ebbing, Missouri",0.25,0.153,0.73,0.117
20,BBC,21,Mon Jan 08 23:46:37 +0000 2018,Longleat Safari Park: Gorilla Nico dies aged 56 https://t.co/bOKjgEpsOm,0.0,0.0,1.0,0.0
21,BBC,22,Mon Jan 08 19:28:39 +0000 2018,RT @bbclaurak: Senior Tory MP says 'this resfhuffle is embarrassing- far from asserting her authority ...its just highlighted how weak the‚Ä¶,-0.6369,0.052,0.726,0.222
22,BBC,23,Mon Jan 08 16:52:46 +0000 2018,"Greg Clark remains as Business Secretary, Downing St announces https://t.co/FKXs5u6N73 #cabinetreshuffle",0.0,0.0,1.0,0.0
23,BBC,24,Mon Jan 08 14:32:05 +0000 2018,"RT @BBC_HaveYourSay: Winfrey for the White House? Nearly 30,000 tweets on the pros and cons of her candidacy

https://t.co/Jfsir1izxM",0.0,0.0,1.0,0.0
24,BBC,25,Mon Jan 08 13:02:21 +0000 2018,"RT @BBCSport: Andy Murray has had hip surgery in Melbourne.

Full storyüëá
https://t.co/V2JdyPIcGq https://t.co/kaXjapXFOa",0.0,0.0,1.0,0.0
25,BBC,26,Mon Jan 08 09:55:59 +0000 2018,"UK house price growth slowed in 2017, says Halifax https://t.co/IrLtpMdExh",0.3818,0.224,0.776,0.0
26,BBC,27,Mon Jan 08 03:53:58 +0000 2018,"RT @BBCBreaking: Gary Oldman wins 'Best Actor in a Motion Picture - Drama' 

#GoldenGlobes https://t.co/068UHmydVC https://t.co/aePg1yXPrl",0.836,0.397,0.603,0.0
27,BBC,28,Sun Jan 07 13:59:35 +0000 2018,"RT @5liveSport: FT: #NCAFC 2-1 #LUFC

""The Newport fans have streamed out onto the pitch... a fabulous performance from #NCAFC!"" - Alistair‚Ä¶",0.5707,0.163,0.837,0.0
28,BBC,29,Sun Jan 07 08:22:05 +0000 2018,"RT @BBCSport: England are facing another defeat in the final #Ashes Test.

Here's the report from a day once again dominated by Australia:‚Ä¶",-0.4588,0.0,0.875,0.125
29,BBC,30,Sat Jan 06 16:51:07 +0000 2018,Council officials said the wooden plates pose a risk of food poisoning https://t.co/ga2F2n50hk,-0.7096,0.0,0.629,0.371
30,BBC,31,Sat Jan 06 01:20:46 +0000 2018,Transport for London 'sorry' over Will Young abuse claims https://t.co/kpTsXN1MnU,-0.6369,0.0,0.682,0.318
31,BBC,32,Fri Jan 05 17:57:29 +0000 2018,RT @bbckamal: And my blog unravelling why markets are travelling ever upwards https://t.co/wKVIuMH7E8 https://t.co/MLUx5VSJ2X,0.0,0.0,1.0,0.0
32,BBC,33,Fri Jan 05 11:49:10 +0000 2018,"""We were informed that the victims had been told"" - Chair of Parole Board Nick Hardwick issues apology after some v‚Ä¶ https://t.co/QEwogG5rTg",-0.2732,0.053,0.844,0.102
33,BBC,34,Fri Jan 05 00:12:52 +0000 2018,Breast size dissatisfaction 'affects self-examination' https://t.co/rB1r07omvU,-0.4939,0.0,0.61,0.39
34,BBC,35,Thu Jan 04 18:17:31 +0000 2018,"John Worboys, who carried out more than 100 rapes and sexual assaults on women in London, is to be freed from jail‚Ä¶ https://t.co/3MfSL9JRPd",-0.7624,0.087,0.646,0.267
35,BBC,36,Thu Jan 04 14:10:37 +0000 2018,RT @BBCHughPym: Public Health England: influenza activity continues to increase across all surveillance indicators with notable increases f‚Ä¶,0.3182,0.119,0.881,0.0
36,BBC,37,Thu Jan 04 08:52:56 +0000 2018,"RT @BBCSport: Late wickets leave England disappointed and frustrated at the end of the first day in Sydney.

Can the tourists get themselve‚Ä¶",-0.7717,0.0,0.722,0.278
37,BBC,38,Thu Jan 04 00:11:36 +0000 2018,"UK farming 'needs protection' post-Brexit, MPs warn https://t.co/NXHeJGbnUI",-0.1027,0.0,0.833,0.167
38,BBC,39,Wed Jan 03 19:48:40 +0000 2018,Harpist Danielle Perrett 'had sex with boy' https://t.co/nl7Pkh7nuV,0.0,0.0,1.0,0.0
39,BBC,40,Wed Jan 03 13:14:29 +0000 2018,Ticketmaster's 'best seats' aren't the best seats after all https://t.co/5sgwXIO0sx,0.8555,0.512,0.488,0.0
40,BBC,41,Wed Jan 03 09:34:04 +0000 2018,Struggling hospitals facing 'huge tragedy' https://t.co/JBup961hxY,-0.7096,0.184,0.24,0.576
41,BBC,42,Tue Jan 02 22:22:00 +0000 2018,"Wednesday's Daily Star: ""CBB hits &amp; misses"" #bbcpapers #tomorrowspaperstoday (via @AllieHBNews) https://t.co/Qq1nFVuVJy",-0.2263,0.0,0.853,0.147
42,BBC,43,Tue Jan 02 17:55:20 +0000 2018,"RT @BBCtrending: She didn't want to be called ""honey""... and got a snarky response https://t.co/ar3qNXUQh2",-0.0572,0.0,0.914,0.086
43,BBC,44,Tue Jan 02 13:03:51 +0000 2018,Liverpool car park fire: Images released https://t.co/QlmawdP6aZ,-0.34,0.0,0.714,0.286
44,BBC,45,Tue Jan 02 07:44:25 +0000 2018,"RT @BBCSport: British number one Andy Murray has withdrawn from the Brisbane International because of a hip injury.

üëâ https://t.co/vF8gtfM‚Ä¶",-0.3612,0.065,0.796,0.139
45,BBC,46,Mon Jan 01 17:05:00 +0000 2018,Sheffield 'terror plot': More time to question suspect https://t.co/YXHTYrw74V,-0.6808,0.0,0.556,0.444
46,BBC,47,Sun Dec 31 17:40:51 +0000 2017,"RT @BBCBreaking: Palestinians recall envoy to US for ""consultations"" in wake of Trump's recognition of Jerusalem as Israel's capital https:‚Ä¶",0.0,0.0,1.0,0.0
47,BBC,48,Sat Dec 30 16:59:14 +0000 2017,Fire in Manchester apartment block https://t.co/70D5m2w5wV,-0.6486,0.0,0.43,0.57
48,BBC,49,Sat Dec 30 03:44:48 +0000 2017,New Year's travel chaos looms as rail strikes hit https://t.co/RDPZeRBpkR,-0.7783,0.0,0.473,0.527
49,BBC,50,Fri Dec 29 18:45:47 +0000 2017,Lord Adonis 'quits government role' with Brexit attack https://t.co/LtUMxkUsCg,-0.4767,0.0,0.721,0.279
50,BBC,51,Fri Dec 29 12:06:29 +0000 2017,"RT @BBCWorld: ‚úÖ #saltbae
‚úÖ blinking guy
‚úÖ #bbcdad 
‚úÖ distracted boyfriend
https://t.co/lTqmueC4qx",-0.34,0.0,0.769,0.231
51,BBC,52,Fri Dec 29 04:32:15 +0000 2017,Birmingham Six member Paddy Hill's prison letter revealed https://t.co/uJGLZuXp78,-0.5106,0.0,0.708,0.292
52,BBC,53,Thu Dec 28 20:06:56 +0000 2017,RT @BBCLondonNews: The body of a woman found in Finsbury Park has been named as Iuliana Tudos - a barmaid who has been missing since Christ‚Ä¶,-0.296,0.0,0.909,0.091
53,BBC,54,Thu Dec 28 12:30:40 +0000 2017,RT @BBCSportWales: #Swans appoint Carlos Carvalhal as manager until the end of the season with the option of an extension https://t.co/TzVq‚Ä¶,0.0,0.0,1.0,0.0
54,BBC,55,Thu Dec 28 01:29:58 +0000 2017,Police overtime payments surge in Norfolk and Suffolk https://t.co/RJUyuIcnb6,0.0,0.0,1.0,0.0
55,BBC,56,Wed Dec 27 15:09:02 +0000 2017,Drug-smuggling Laura Plummer transferred to 'bad prison' https://t.co/PFqZNxpxoV,-0.7783,0.0,0.469,0.531
56,BBC,57,Wed Dec 27 09:35:19 +0000 2017,Snow sparks road warnings and power cuts https://t.co/JlanZRUxhU,-0.5267,0.0,0.577,0.423
57,BBC,58,Tue Dec 26 20:04:06 +0000 2017,"Don't forget, Prince Harry will guest edit @BBCr4today tomorrow morning. Listen for the full interview with‚Ä¶ https://t.co/CsDQUJ4eey",0.1695,0.094,0.906,0.0
58,BBC,59,Mon Dec 25 18:36:26 +0000 2017,Mum hopes royal photo can pay for university https://t.co/0enO9C2HPe,0.34,0.25,0.625,0.125
59,BBC,60,Mon Dec 25 10:21:32 +0000 2017,RT @BBCEngland: What everyday treasures remind people of the loved ones who are no longer around at Christmas? https://t.co/d1CK8yGT29 http‚Ä¶,0.6705,0.259,0.656,0.085
60,BBC,61,Sun Dec 24 13:06:26 +0000 2017,Field Farm Fisheries' 'no Polish' sign taken down https://t.co/K2RUjyKm7k,-0.296,0.0,0.784,0.216
61,BBC,62,Sat Dec 23 20:58:27 +0000 2017,Measles warning for European travel over festive period https://t.co/r1kXy1QPhl,0.1531,0.242,0.565,0.194
62,BBC,63,Sat Dec 23 08:12:47 +0000 2017,London Zoo fire: Seventy firefighters tackle cafe blaze https://t.co/3fh4lAeZku,-0.34,0.0,0.769,0.231
63,BBC,64,Fri Dec 22 21:40:12 +0000 2017,RT @BBCSport: A real Christmas cracker! https://t.co/EAjsGN2qwo,0.0,0.0,1.0,0.0
64,BBC,65,Fri Dec 22 15:46:13 +0000 2017,"Christmas decorations: The good, the bad and the ugly üéÑ https://t.co/Jv0TEtxuNv",-0.5994,0.174,0.419,0.407
65,BBC,66,Fri Dec 22 11:20:32 +0000 2017,Royal Opera House: Thousands evacuated over 'suspicious package' https://t.co/OeoJ9rmCIi,-0.3612,0.0,0.762,0.238
66,BBC,67,Fri Dec 22 01:39:02 +0000 2017,Three UK supermarkets publish data on antibiotics use https://t.co/fOh8ZA5vwa,0.0,0.0,1.0,0.0
67,BBC,68,Thu Dec 21 20:27:25 +0000 2017,RT @danroan: ICYMI my @BBCNews at 6 report on @birminghamcg22 as it wins right to host the Commonwealth Games. So is it worth it? Feat. @th‚Ä¶,0.7063,0.203,0.797,0.0
68,BBC,69,Thu Dec 21 13:48:18 +0000 2017,Latest on the Toys R Us deal here: https://t.co/YbV1A5qAaE https://t.co/lxnej2P4xf,0.0,0.0,1.0,0.0
69,BBC,70,Thu Dec 21 10:05:30 +0000 2017,Commonwealth Games: Birmingham announced as host of 2022 event https://t.co/X6KBijf2cH,0.0,0.0,1.0,0.0
70,BBC,71,Thu Dec 21 01:27:32 +0000 2017,Chocolate poisoning risk to dogs at Christmas https://t.co/iHfONmRoXQ,-0.7096,0.0,0.504,0.496
71,BBC,72,Wed Dec 20 21:01:38 +0000 2017,"RT @BBCBreaking: Damian Green quit after he was found to have made ""inaccurate &amp; misleading"" statements about what he knew about claims por‚Ä¶",-0.4019,0.0,0.891,0.109
72,BBC,73,Wed Dec 20 17:04:12 +0000 2017,"Brexit: Be more patriotic about cheese, says Michael Gove https://t.co/TQ6h2ozsyB",0.0,0.0,1.0,0.0
73,BBC,74,Wed Dec 20 12:35:17 +0000 2017,"In the last #PMQs of this year, MPs react noisily as @CliveEfford suggests that the PM should name her Christmas go‚Ä¶ https://t.co/lLPfTgw3xc",0.0,0.0,1.0,0.0
74,BBC,75,Wed Dec 20 10:36:04 +0000 2017,Infection outbreak shuts ward at Inverness' Raigmore https://t.co/fTjJKydrbe,0.0,0.0,1.0,0.0
75,BBC,76,Wed Dec 20 00:04:17 +0000 2017,Post Office secures ¬£370m funding from government https://t.co/UYo8ZIk9gd,0.3182,0.247,0.753,0.0
76,BBC,77,Tue Dec 19 17:19:37 +0000 2017,Would you do the same? https://t.co/gtUy21N2fy,0.0,0.0,1.0,0.0
77,BBC,78,Tue Dec 19 13:07:56 +0000 2017,London tube map with Elizabeth Line revealed https://t.co/FGxJumEgYK,0.0,0.0,1.0,0.0
78,BBC,79,Tue Dec 19 09:52:08 +0000 2017,Return of prescription charges considered https://t.co/xfQDeUjPCg,-0.2732,0.0,0.704,0.296
79,BBC,80,Mon Dec 18 23:54:24 +0000 2017,Manchester Airport: Heavy fog and runway 'defect' suspends flights https://t.co/scY3kHdSRm,0.0,0.0,1.0,0.0
80,BBC,81,Mon Dec 18 17:06:36 +0000 2017,Ofcom to investigate BBC climate change interviews https://t.co/VKn4S59h4O,0.0,0.0,1.0,0.0
81,BBC,82,Mon Dec 18 11:15:12 +0000 2017,Bijan Ebrahimi: Police 'sided with murder victim's abusers' https://t.co/zZmC9m8pL1,-0.8519,0.0,0.458,0.542
82,BBC,83,Mon Dec 18 07:49:03 +0000 2017,"RT @bbctms: AUSTRALIA WIN THE ASHES

üì±üìª Follow it live üëâ https://t.co/5ywMmtAeqf 

#Ashes #bbccricket https://t.co/vGegQxLJzX",0.6739,0.259,0.741,0.0
83,BBC,84,Sun Dec 17 16:52:04 +0000 2017,UK diplomat found murdered in Lebanon https://t.co/UPQe7LBOU1,-0.6597,0.0,0.577,0.423
84,BBC,85,Sun Dec 17 09:47:04 +0000 2017,"RT @MarrShow: ""We want to halve it by 2022 and eliminate it by 2027"" - @AndrewMarr9 questions @DavidGauke on the increase of rough sleeping‚Ä¶",0.3818,0.146,0.854,0.0
85,BBC,86,Sat Dec 16 16:51:47 +0000 2017,RT @BBCScotlandNews: Alex Rowley has announced that he does not intend to resume the role of deputy leader of the Scottish Labour Party htt‚Ä¶,0.4019,0.105,0.895,0.0
86,BBC,87,Sat Dec 16 08:14:50 +0000 2017,Iain Lee addresses I'm a Celeb bullying claims https://t.co/NG3K3En7s1,-0.5994,0.0,0.642,0.358
87,BBC,88,Fri Dec 15 18:53:58 +0000 2017,"4-year-old boy left on bus attempts three-mile journey home
https://t.co/q6tCG3pHwa",0.0,0.0,1.0,0.0
88,BBC,89,Fri Dec 15 13:51:25 +0000 2017,RT @BBCBusiness: How easy is it to spot a narwhal in a sea of money? üá®üá¶ Find out with our A-Z guide to the creatures you spot in the financ‚Ä¶,0.4404,0.097,0.903,0.0
89,BBC,90,Fri Dec 15 08:42:25 +0000 2017,Booze calculator: What's your drinking nationality? https://t.co/amNdhk2LmX https://t.co/J3GpKFKaBp,0.0,0.0,1.0,0.0
90,BBC,91,Fri Dec 15 02:18:14 +0000 2017,Virgin Trains staff to hold 24-hour strike https://t.co/5EMIwdTKNi,-0.128,0.0,0.824,0.176
91,BBC,92,Thu Dec 14 19:38:37 +0000 2017,"RT @amolrajanBBC: My blog on Disney-Fox coming soon. Meantime:
1/ This is the most humble day of Rupert's life!.
2/ This deal ain't done. M‚Ä¶",0.0,0.0,1.0,0.0
92,BBC,93,Thu Dec 14 12:53:48 +0000 2017,"RT @BBCMonitoring: The #PutinPresser is over, clocking in at about 3 hours, 40 minutes. https://t.co/F0ampGTUAf",0.0,0.0,1.0,0.0
93,BBC,94,Thu Dec 14 09:35:32 +0000 2017,"RT @bbctms: The new ball has been taken and Starc goes on the attack. 

First ball and he goes full and nearly gets Malan out but it's drop‚Ä¶",-0.2617,0.0,0.929,0.071
94,BBC,95,Wed Dec 13 22:54:48 +0000 2017,"Thursday's Daily Mail: ""Proud of yourselves?"" #tomorrowspaperstoday #bbcpapers (via @hendopolis) https://t.co/HWghte9fHd",0.4767,0.237,0.763,0.0
95,BBC,96,Wed Dec 13 18:32:23 +0000 2017,"RT @bbclaurak: No sign of budging - George Freeman now joined the rebels, 14 rebels now sitting together on benches",-0.2732,0.115,0.638,0.247
96,BBC,97,Wed Dec 13 13:48:21 +0000 2017,Westminster rape trial: Samuel Armstrong 'victim gave story to press' https://t.co/DJVKz80HdG,-0.7783,0.0,0.57,0.43
97,BBC,98,Wed Dec 13 11:07:48 +0000 2017,"RT @BBC_HaveYourSay: Have you been scammed or were you saved from one like Barry üëá? Share your stories with us haveyoursay@bbc.co.uk 
https‚Ä¶",0.7579,0.283,0.717,0.0
98,BBC,99,Wed Dec 13 03:12:55 +0000 2017,Cold weather and loneliness 'lethal in winter' https://t.co/haCjb2owaM,-0.4215,0.0,0.714,0.286
99,BBC,100,Tue Dec 12 21:46:20 +0000 2017,London Euston to become Christmas Day homeless shelter https://t.co/9JcgyLF1si,0.0,0.0,1.0,0.0
100,CBS,1,Mon Jan 15 07:18:09 +0000 2018,"Sen. Tom Cotton says Trump's words, sentiments on immigration were misrepresented https://t.co/b47Rfh3Wd5 https://t.co/9m7JomAnUx",0.0,0.0,1.0,0.0
101,CBS,2,Mon Jan 15 03:14:05 +0000 2018,U.K. party suspends leader's girlfriend over racist Meghan Markle remarks https://t.co/6Vu18bvGiS https://t.co/Pvneco0nFr,-0.3182,0.162,0.599,0.24
102,CBS,3,Sun Jan 14 20:22:32 +0000 2018,WATCH: Five Axe-wielding thieves break into the Ritz Hotel in Paris and two get away with $5.4 million in stolen go‚Ä¶ https://t.co/JmRSdi1xtA,-0.7579,0.0,0.755,0.245
103,CBS,4,Sun Jan 14 13:48:05 +0000 2018,"Doreen Tracey, one of the original Disney Mouseketeers, has died at 74 https://t.co/DnE7beprHW https://t.co/Au0jTxwI18",-0.3182,0.128,0.67,0.201
104,CBS,5,Sun Jan 14 08:48:05 +0000 2018,White House struggles with muting function for 22 minutes on Iran conference call with reporters‚Ä¶ https://t.co/cOJhAmZduu,-0.3612,0.0,0.857,0.143
105,CBS,6,Sun Jan 14 04:18:06 +0000 2018,2018 flu season appears to hit deadly peak https://t.co/cVaq2tYvUC https://t.co/bRisti0APj,-0.3818,0.0,0.776,0.224
106,CBS,7,Sun Jan 14 00:18:08 +0000 2018,"Teens are eating laundry detergent for the ""Tide Pod Challenge"" https://t.co/lyzKOgxNxs https://t.co/ZA7DKz00B8",0.0772,0.106,0.894,0.0
107,CBS,8,Sat Jan 13 20:41:00 +0000 2018,Members of a South African opposition party stormed into H&amp;M stores across the country to protest the store's monke‚Ä¶ https://t.co/NmXP0eXJZ3,0.1779,0.124,0.783,0.092
108,CBS,9,Sat Jan 13 16:00:02 +0000 2018,"President Trump's ""sh*thole"" comments make things more difficult for groups that want to limit immigration:‚Ä¶ https://t.co/vvvW5XUlhN",-0.3597,0.072,0.774,0.154
109,CBS,10,Sat Jan 13 10:48:05 +0000 2018,Coach sentenced to death for rape and murder of girl he kidnapped on street https://t.co/h5sVnfTAsV https://t.co/VJHxX9albw,-0.9371,0.0,0.455,0.545
110,CBS,11,Sat Jan 13 06:03:09 +0000 2018,Suspect arrested in death of University of Pennsylvania student Blaze Bernstein https://t.co/Ghv6QQOiwV https://t.co/gUaG5RI9D5,-0.8481,0.0,0.521,0.479
111,CBS,12,Sat Jan 13 01:25:01 +0000 2018,"Suspect arrested in death of Blaze Bernstein, a 19-year-old University of Pennsylvania student whose body was found‚Ä¶ https://t.co/pSJU6dXJCR",-0.8481,0.0,0.603,0.397
112,CBS,13,Fri Jan 12 21:40:32 +0000 2018,"""This country's greatness and true genius lies in its diversity."" Celebrities and public figures slam President Tru‚Ä¶ https://t.co/KLRQ6gxLID",-0.3818,0.121,0.647,0.233
113,CBS,14,Fri Jan 12 17:38:32 +0000 2018,"I hope that members of the president's own party will step up and disavow his remarks,"" Sen. Durbin says‚Ä¶ https://t.co/Vq9RbaxRoi",0.6808,0.248,0.752,0.0
114,CBS,15,Fri Jan 12 15:00:02 +0000 2018,"A village official in upstate New York has shot and killed his ex-girlfriend, her new boyfriend and himself, police‚Ä¶ https://t.co/3NEuPLOksI",-0.6705,0.0,0.8,0.2
115,CBS,16,Fri Jan 12 12:43:58 +0000 2018,"President Trump gets his facts wrong as he nixes his London visit:
https://t.co/WErRcSnS3X https://t.co/x9Of9lpA51",-0.4767,0.0,0.807,0.193
116,CBS,17,Fri Jan 12 11:03:06 +0000 2018,"16 years later, Afghan capital under siege https://t.co/mg6mtjXOZO https://t.co/ff7zMT60C5",0.0,0.0,1.0,0.0
117,CBS,18,Fri Jan 12 06:18:11 +0000 2018,Bear attacked man as he let his dog out in Florida https://t.co/V0LKf5c0Sb https://t.co/F6pvav60bw,-0.4588,0.0,0.8,0.2
118,CBS,19,Fri Jan 12 01:25:01 +0000 2018,"Facebook to overhauling news feed, prioritizing posts from family and friends, as opposed to ones from brands and p‚Ä¶ https://t.co/vyYMAbnpLN",0.4767,0.14,0.86,0.0
119,CBS,20,Thu Jan 11 22:28:35 +0000 2018,"Growing frustrated in Oval Office meeting, Pres. Trump sharply criticizes protections for immigrants, a new Washing‚Ä¶ https://t.co/7X6m4G6Swg",-0.6249,0.083,0.634,0.283
120,CBS,21,Thu Jan 11 19:05:02 +0000 2018,"The White House's ban on cell phone use will go into effect January 16th, @PressSec confirms to CBS News‚Ä¶ https://t.co/3cdwgvToOZ",-0.5574,0.0,0.841,0.159
121,CBS,22,Thu Jan 11 15:59:58 +0000 2018,"At least 8 people are missing and 17 are confirmed dead in devastating Southern California mudslides, officials say‚Ä¶ https://t.co/1qCAZfjXav",-0.8957,0.0,0.581,0.419
122,CBS,23,Thu Jan 11 13:15:25 +0000 2018,AHEAD on @CBSThisMorning: @issielapowsky joins the table to discuss whether YouTube‚Äôs policies go far enough to pre‚Ä¶ https://t.co/UzuDexxSbz,0.0,0.0,1.0,0.0
123,CBS,24,Thu Jan 11 12:05:39 +0000 2018,Search crews are racing to find victims still trapped in Southern California's deadly mudslides. The storms that tr‚Ä¶ https://t.co/RbjmhUKKXo,-0.6908,0.0,0.749,0.251
124,CBS,25,Thu Jan 11 08:33:07 +0000 2018,Middle aged and out of shape? It's not too late to help your heart https://t.co/XZHQwBsN0x https://t.co/dJVzrhSDRQ,0.4019,0.153,0.847,0.0
125,CBS,26,Thu Jan 11 03:20:01 +0000 2018,"Here's a preview of David Letterman's interview with former Pres. Obama on ""My Next Guest Needs No Introduction""‚Ä¶ https://t.co/lOkS8PEsZd",-0.296,0.0,0.885,0.115
126,CBS,27,Wed Jan 10 22:40:01 +0000 2018,The U.S. is being hit with one of the worst flu seasons in years -- and experts warn that young children are partic‚Ä¶ https://t.co/7VKZowqKkM,-0.7964,0.0,0.722,0.278
127,CBS,28,Wed Jan 10 18:20:37 +0000 2018,"SOLDIER SURPRISE: ""My dad is a hero, my dad is a superhero."" A tearful 7-year-old discovers there's a special guest‚Ä¶ https://t.co/M5xa5GtEg5",0.8455,0.395,0.605,0.0
128,CBS,29,Wed Jan 10 15:24:09 +0000 2018,CLARIFICATION: U.S. Coast Guard rescue of family took place in Santa Barbara County https://t.co/2s83tBS2Z7,0.5106,0.202,0.798,0.0
129,CBS,30,Wed Jan 10 12:46:23 +0000 2018,A Louisiana school board is under fire after a teacher was forcibly removed from a board meeting after questioning‚Ä¶ https://t.co/f1YbRwVtAu,-0.34,0.0,0.87,0.13
130,CBS,31,Wed Jan 10 11:40:14 +0000 2018,"Washington is eying welfare reform, but it's entitlement spending that is looming large:
https://t.co/vom7b10yKE https://t.co/anckRqt5cA",-0.1901,0.0,0.889,0.111
131,CBS,32,Wed Jan 10 07:40:05 +0000 2018,Robert De Niro in expletive-laced anti-Trump tirade at films gala https://t.co/bXsUIpJlgC https://t.co/GIDnyEuzkx,0.0,0.0,1.0,0.0
132,CBS,33,Wed Jan 10 02:45:01 +0000 2018,Many White House aides have been notified that they need to decide as soon as possible if they will leave the admin‚Ä¶ https://t.co/dn28uULtwO,-0.0516,0.0,0.948,0.052
133,CBS,34,Tue Jan 09 23:15:01 +0000 2018,Attorney for co-founder of Fusion GPS says someone died as a result of their findings in Steele dossier‚Ä¶ https://t.co/br19Qcexh3,-0.5574,0.0,0.825,0.175
134,CBS,35,Tue Jan 09 19:12:16 +0000 2018,MOMENTS AGO: President Trump signs an executive order that focuses on taking care of veterans after they leave serv‚Ä¶ https://t.co/QiLMOdxPj0,0.4588,0.143,0.804,0.054
135,CBS,36,Tue Jan 09 15:30:32 +0000 2018,Parts of fire-ravaged California are now getting hit by storms for the first time in months -- increasing the risk‚Ä¶ https://t.co/v7JcHukpNC,0.0,0.0,1.0,0.0
136,CBS,37,Tue Jan 09 13:06:12 +0000 2018,The White House is gearing up for its next major battle in congress: immigration reform. A bipartisan group of lawm‚Ä¶ https://t.co/UV9Y1Z5zuQ,-0.3818,0.0,0.88,0.12
137,CBS,38,Tue Jan 09 12:11:26 +0000 2018,"The Trump administration says it is time to end special protection for about 20,000 people from El Salvador. Many w‚Ä¶ https://t.co/6AJnFPrtER",0.4019,0.119,0.881,0.0
138,CBS,39,Tue Jan 09 08:33:05 +0000 2018,"Judge dismisses charges against Cliven Bundy, 2 sons in ranch standoff case https://t.co/O300dmBcx2 https://t.co/JkGGQXpj2c",-0.2732,0.0,0.851,0.149
139,CBS,40,Tue Jan 09 03:40:01 +0000 2018,"Goop is promoting a coffee enema with a price tag of $135, but here's what science says https://t.co/z0w34hi8Tu https://t.co/9WPAD8v3p6",0.1901,0.099,0.901,0.0
140,CBS,41,Mon Jan 08 23:37:37 +0000 2018,"After Oprah Winfrey's stirring Golden Globes speech, speculation of a possible presidential run followed. In fact,‚Ä¶ https://t.co/MqEKZJRsJQ",0.0,0.0,1.0,0.0
141,CBS,42,Mon Jan 08 19:05:26 +0000 2018,"Aziz Ansari made history at the Golden Globes, being the first Asian-American to win for Best Actor In TV Show, Com‚Ä¶ https://t.co/TbSJ7etGDH",0.8402,0.286,0.714,0.0
142,CBS,43,Mon Jan 08 14:44:01 +0000 2018,"HAPPENING NOW: CBSN holds a panel on the Gold Globes and the women who stood in solidarity with the ""Me Too"" and ""T‚Ä¶ https://t.co/ufpQsgLbNo",0.296,0.091,0.909,0.0
143,CBS,44,Mon Jan 08 12:33:31 +0000 2018,DEVELOPING: Fire at New York City's Trump Tower; aerial views show firefighters on the roof https://t.co/LBqYMCa1kG,-0.34,0.0,0.862,0.138
144,CBS,45,Mon Jan 08 09:48:05 +0000 2018,"Ray Thomas, founding member of The Moody Blues, dead at 76 https://t.co/tZXkne6TN5 https://t.co/QML6UFCywH",-0.7783,0.0,0.618,0.382
145,CBS,46,Mon Jan 08 05:48:05 +0000 2018,Powerball: Single ticket sold in New Hampshire wins $570 million jackpot https://t.co/MzxwFIRxRo https://t.co/UVy66NVKVa,0.5719,0.236,0.764,0.0
146,CBS,47,Mon Jan 08 03:21:00 +0000 2018,"@CBSNews ""I want all the girls watching to know: A new day is on the horizon,"" @Oprah says, addressing #MeToo movement at #goldenglobes",0.0772,0.058,0.942,0.0
147,CBS,48,Mon Jan 08 01:32:53 +0000 2018,"RT @CBSThisMorning: #GoldenGlobes winner for Best Performance by an Actress in a Television Series: Rachel Brosnahan in ""The Marvelous Mrs.‚Ä¶",0.9169,0.427,0.573,0.0
148,CBS,49,Sun Jan 07 21:01:01 +0000 2018,"SpaceX kicks off busy year with launch of mysterious government payload named ""Zuma"" https://t.co/c81FwGo3Be https://t.co/886kYhSxO5",0.0,0.0,1.0,0.0
149,CBS,50,Sun Jan 07 15:01:01 +0000 2018,"""SWATting"" prank prompts police to respond to San Francisco home to investigate fake 911 call‚Ä¶ https://t.co/xdCMAU6kdL",-0.4767,0.0,0.829,0.171
150,CBS,51,Sun Jan 07 09:48:04 +0000 2018,CDC to hold briefing on how public can prepare for nuclear war https://t.co/zPAh21kkoB https://t.co/A9IIuYcw9T,-0.5994,0.0,0.769,0.231
151,CBS,52,Sun Jan 07 05:14:06 +0000 2018,"""SWATting"" prank 911 call prompts police to respond to San Francisco home https://t.co/xbCf7HIC94 https://t.co/qYN6exr67H",0.0,0.0,1.0,0.0
152,CBS,53,Sun Jan 07 01:03:07 +0000 2018,"Donovan McNabb, Eric Davis out at ESPN after sexual misconduct investigation https://t.co/p5nFbux8oU https://t.co/o7JwNkh8ff",0.0,0.0,1.0,0.0
153,CBS,54,Sat Jan 06 19:40:01 +0000 2018,Plane clips another aircraft at New York's JFK airport as frustrations mount in the wake of this week's winter blas‚Ä¶ https://t.co/X8lmbjSjDx,-0.4588,0.0,0.87,0.13
154,CBS,55,Sat Jan 06 16:40:32 +0000 2018,"Thursday's winter storm pummeled the New York City area, but imagine being in the thick of it on a cruise ship in t‚Ä¶ https://t.co/wNJAfCxapn",0.0,0.0,1.0,0.0
155,CBS,56,Sat Jan 06 11:33:05 +0000 2018,"Clothing designer meets the sartorial needs of ""not so tall"" men https://t.co/ZC6Cr3bhFI https://t.co/QVtoroXjrW",0.0,0.0,1.0,0.0
156,CBS,57,Sat Jan 06 06:33:05 +0000 2018,Intel CEO sold millions in shares before chip security flaw disclosed https://t.co/xv9s0secuv https://t.co/CX57CzAGus,0.5574,0.295,0.705,0.0
157,CBS,58,Sat Jan 06 01:25:26 +0000 2018,"A good teacher will do almost anything for a student, but few have gone as far as Donna Hoagland:‚Ä¶ https://t.co/0E3sZ2Mgf2",0.2382,0.103,0.897,0.0
158,CBS,59,Fri Jan 05 21:45:31 +0000 2018,Manatees are desperately searching for warmer waters as chilly temperatures hit Florida. https://t.co/Kb1GB9jY6P https://t.co/fINFao8hYt,-0.1027,0.131,0.714,0.155
159,CBS,60,Fri Jan 05 17:30:02 +0000 2018,The FBI is conducting an investigation into the Clinton Foundation and whether any donations made to the foundation‚Ä¶ https://t.co/KpL27wQ0Bz,0.0,0.0,1.0,0.0
160,CBS,61,Fri Jan 05 13:36:50 +0000 2018,The New Year could give you new ways to improve your regular visits to the doctor. @drtaranarula joins‚Ä¶ https://t.co/X4AC2BbhQE,0.4404,0.139,0.861,0.0
161,CBS,62,Fri Jan 05 12:11:06 +0000 2018,Meteorologist @DanielleWBZ4 joins @CBSThisMorning to show us just how cold it is going to get:‚Ä¶ https://t.co/bO5cjMhils,0.0,0.0,1.0,0.0
162,CBS,63,Fri Jan 05 08:48:05 +0000 2018,"As the Dow hits 25,000, when will Wall Street's record run come to an end? https://t.co/WCL79VsiLq https://t.co/vTgPAGyPXh",0.0,0.0,1.0,0.0
163,CBS,64,Fri Jan 05 03:45:01 +0000 2018,The family of a 23-year-old pregnant woman fatally shot in 2016 by sheriff's deputies has filed a wrongful-death la‚Ä¶ https://t.co/6LtB1sRy30,-0.6369,0.0,0.802,0.198
164,CBS,65,Thu Jan 04 23:29:34 +0000 2018,A warning from the CDC is urging people to be cautious of eating romaine lettuce after nearly 60 people were infect‚Ä¶ https://t.co/vDhEK5mKKO,-0.4215,0.0,0.833,0.167
165,CBS,66,Thu Jan 04 19:26:11 +0000 2018,"Reporter: ""What is the president's reaction to the growing number of suggestions in this book and the media that he‚Ä¶ https://t.co/3eYuZd9mcs",0.25,0.136,0.864,0.0
166,CBS,67,Thu Jan 04 16:00:03 +0000 2018,New health insurance rule aims to deliver on Trump promise and would make it easier for groups to sponsor health pl‚Ä¶ https://t.co/Gieip85cTo,0.6249,0.203,0.797,0.0
167,CBS,68,Thu Jan 04 13:10:39 +0000 2018,Snow is hitting the country‚Äôs largest city during the morning rush. New York commuters are slogging through snowfal‚Ä¶ https://t.co/ZzgzxmZvN7,0.0,0.0,1.0,0.0
168,CBS,69,Thu Jan 04 12:07:24 +0000 2018,A massive winter storm is slamming the Mid-Atlantic states on Thursday morning. @tonydokoupil reports from Cape May‚Ä¶ https://t.co/vYNjl45m8z,0.0,0.0,1.0,0.0
169,CBS,70,Thu Jan 04 08:33:06 +0000 2018,"Paul Sorvino threatens to ""kill"" Harvey Weinstein for allegedly harassing daughter Mira Sorvino‚Ä¶ https://t.co/sMN69lxO0Q",-0.7269,0.0,0.663,0.337
170,CBS,71,Thu Jan 04 04:14:01 +0000 2018,Powerball winning numbers announced for $460 million jackpot https://t.co/IJhdMfr4ni https://t.co/QLW1cVVQf2,0.5267,0.274,0.726,0.0
171,CBS,72,Wed Jan 03 22:57:01 +0000 2018,"A timeline of President Trump and Mitt Romney‚Äôs relationship, as the former GOP presidential nominee eyes the longe‚Ä¶ https://t.co/FdduMSDdVg",0.0,0.0,1.0,0.0
172,CBS,73,Wed Jan 03 18:23:29 +0000 2018,"A brutal winter storm is dumping snow, sleet and freezing rain from normally balmy Florida up the Southeast seaboar‚Ä¶ https://t.co/CHCYv1NkOS",-0.7783,0.0,0.672,0.328
173,CBS,74,Wed Jan 03 13:56:44 +0000 2018,American Hockey League player Bobby Butler surprised his dad with some huge news: he made the U.S. Olympic hockey t‚Ä¶ https://t.co/QeE7bYdUk7,0.4939,0.181,0.819,0.0
174,CBS,75,Wed Jan 03 12:40:01 +0000 2018,Pittsburgh coach Kevin Stallings to Louisville fan: At least we don't pay our players $100K https://t.co/I2nbiyRHc8 https://t.co/nwFd4RD5EX,0.381,0.193,0.807,0.0
175,CBS,76,Wed Jan 03 12:00:01 +0000 2018,Congress has a full plate of unresolved items left over from late last year -- but the House doesn't return to Wash‚Ä¶ https://t.co/IarW3vzlGP,0.0,0.0,1.0,0.0
176,CBS,77,Wed Jan 03 07:56:05 +0000 2018,"Thomas S. Monson, Mormon church president, dead at 90 https://t.co/j7iNeFLc3u https://t.co/lLk274LUcr",-0.6486,0.0,0.699,0.301
177,CBS,78,Wed Jan 03 03:20:01 +0000 2018,"Pres. Trump tweets he will announce awards for most ""dishonest"" and ""corrupt"" media of the year‚Ä¶ https://t.co/ypKbUsMJ8k",0.4588,0.158,0.842,0.0
178,CBS,79,Tue Jan 02 22:40:01 +0000 2018,"""I'm very happy about -- thrilled really -- to see the legalization of cannabis in California... At the same time,‚Ä¶ https://t.co/m2bcE7stCA",0.7841,0.266,0.734,0.0
179,CBS,80,Tue Jan 02 19:18:27 +0000 2018,"NEW: Utah's Orrin Hatch, the longest-serving GOP senator, announces his retirement. ""Every good fighter knows when‚Ä¶ https://t.co/4SLT3uJP2K",0.5423,0.231,0.769,0.0
180,CBS,81,Tue Jan 02 15:47:01 +0000 2018,"At least 16 people, including 9 children, have been hurt in a 7-alarm fire in the Bronx, FDNY says‚Ä¶ https://t.co/St9FUhTvB7",-0.7003,0.0,0.734,0.266
181,CBS,82,Tue Jan 02 13:00:01 +0000 2018,"Iran's supreme leader accuses the country's ""enemies"" of causing the largest protests against the Islamic regime in‚Ä¶ https://t.co/XliKSeyvJ2",0.0772,0.157,0.655,0.188
182,CBS,83,Tue Jan 02 11:30:01 +0000 2018,A new study is out on the pressure teenage girls feel to send explicit pictures to teenage boys. Psychologist‚Ä¶ https://t.co/W6HBb2cSUt,-0.296,0.0,0.891,0.109
183,CBS,84,Tue Jan 02 07:33:06 +0000 2018,"Trump welcomes new year with party, tweets on Pakistan https://t.co/iEBITSNO02 https://t.co/MadslLijnM",0.6597,0.375,0.625,0.0
184,CBS,85,Tue Jan 02 02:20:02 +0000 2018,"Woman adopted by American family said she always wondered where she came from, but didn't get the answers she was l‚Ä¶ https://t.co/H4QXGHPpoT",0.0,0.0,1.0,0.0
185,CBS,86,Mon Jan 01 23:00:02 +0000 2018,"Greyhound bus careened off the highway in Utah, killing a 13-year-old girl and injuring 11 others on Monday‚Ä¶ https://t.co/HaMTBMeW8T",-0.6597,0.0,0.794,0.206
186,CBS,87,Mon Jan 01 16:20:01 +0000 2018,"A 2nd suspect has been arrested in the Christmas Eve slaying of a man in Joplin, Missouri: https://t.co/A9s3GG2Afm https://t.co/UwEYYR1zTF",-0.6486,0.0,0.739,0.261
187,CBS,88,Mon Jan 01 12:46:31 +0000 2018,NASA‚Äôs engineers are working to bring supersonic travel back to commercial aviation. Just over 70 years after the s‚Ä¶ https://t.co/zPqzTHnMs0,0.0,0.0,1.0,0.0
188,CBS,89,Mon Jan 01 09:48:05 +0000 2018,"Americans among 10 killed in car crash in Mexico, authorities say https://t.co/Nn2cO6GPhZ https://t.co/i8yyD3sPg5",-0.802,0.0,0.604,0.396
189,CBS,90,Mon Jan 01 05:02:05 +0000 2018,"""We're going to have a fantastic 2018,"" Trump says at Mar-a-Lago party https://t.co/3VBNXKMFRv https://t.co/Vesi4gYsfE",0.743,0.364,0.636,0.0
190,CBS,91,Mon Jan 01 01:33:07 +0000 2018,Hail and farewell to those we lost in 2017 https://t.co/ivlmE28PxI https://t.co/7CEa1DQUjX,-0.25,0.103,0.714,0.183
191,CBS,92,Sun Dec 31 19:35:27 +0000 2017,"UPDATE: Officer who was killed in Douglas County, Colorado, has been identified as a 29-year-old deputy who joined‚Ä¶ https://t.co/9IsKA88SxB",-0.6705,0.0,0.791,0.209
192,CBS,93,Sun Dec 31 14:40:01 +0000 2017,Two protesters taking part in demonstrations roiling Iran were reportedly killed at a rally overnight:‚Ä¶ https://t.co/cULnrAPeOW,-0.7506,0.0,0.67,0.33
193,CBS,94,Sun Dec 31 09:33:05 +0000 2017,Police help capture baby seal found wandering on busy road https://t.co/dnmdKOOO4P https://t.co/gEFIi51Era,0.4019,0.197,0.803,0.0
194,CBS,95,Sun Dec 31 04:40:04 +0000 2017,Fear of immigration raids partially to blame for 100-year-old church's closure https://t.co/LGFpbDJZ98 https://t.co/ieTnwpXn9q,-0.6808,0.0,0.663,0.337
195,CBS,96,Sun Dec 31 01:02:08 +0000 2017,Cities around the world warily prep for New Year's Eve amid terrorism fears https://t.co/yKTTxAIMRO https://t.co/vTTbLslN4G,-0.8126,0.0,0.637,0.363
196,CBS,97,Sat Dec 30 19:04:02 +0000 2017,80-year-old Ohio man‚Äôs tongue-in-cheek obit blames Cleveland Browns for contributing to his death‚Ä¶ https://t.co/9rkcIXKYAD,-0.4019,0.0,0.828,0.172
197,CBS,98,Sat Dec 30 12:33:04 +0000 2017,Goldman Sachs expects $5 billion hit from tax law https://t.co/rRzyNYpDA8 https://t.co/bwoCQJpj3Y,0.0,0.0,1.0,0.0
198,CBS,99,Sat Dec 30 07:33:06 +0000 2017,Wall Street trips on the final day of a rip-roaring 2017 https://t.co/XI6zTVnzwL https://t.co/8ci9pWo6G1,0.0,0.0,1.0,0.0
199,CBS,100,Sat Dec 30 03:08:06 +0000 2017,"Ringo Starr, Bee Gee's Barry Gibb selected for knighthood https://t.co/4JrJZbGUzb https://t.co/KGic8m1cnO",0.0,0.0,1.0,0.0
200,CNN,1,Mon Jan 15 07:22:42 +0000 2018,NBA Hall of Famer Dennis Rodman has been charged with DUI in California https://t.co/LT2zoPToK1 https://t.co/3BPJa0l4IB,-0.2023,0.0,0.886,0.114
201,CNN,2,Mon Jan 15 03:47:03 +0000 2018,"As a citizen of Norway, I can tell you we're not flattered, but offended by President Trump's eagerness to have us‚Ä¶ https://t.co/ABxifbiD8Y",0.6209,0.233,0.701,0.066
202,CNN,3,Mon Jan 15 00:30:13 +0000 2018,Republican Sen. Jeff Flake of Arizona is expected to deliver a floor speech comparing President Trump's attacks on‚Ä¶ https://t.co/vgFoMBXH6Z,-0.4404,0.0,0.854,0.146
203,CNN,4,Sun Jan 14 19:00:12 +0000 2018,A deadly earthquake has shaken southern Peru https://t.co/f8ViS6UPT5 https://t.co/s8A2ivDlAD,-0.0772,0.0,0.843,0.157
204,CNN,5,Sun Jan 14 14:11:05 +0000 2018,"Rep. Tulsi Gabbard: ‚ÄúThe fact that these processes failed so epically that caused this trauma, caused this terror a‚Ä¶ https://t.co/ecg2MDHKTe",-0.8735,0.0,0.631,0.369
205,CNN,6,Sun Jan 14 00:00:28 +0000 2018,It snowed in one of the hottest places in the world https://t.co/8W0bKEHehw https://t.co/jliVuTqTIj,0.0,0.0,1.0,0.0
206,CNN,7,Sat Jan 13 21:25:02 +0000 2018,Hawaii spent 38 uneasy minutes after officials say an incoming ballistic missile alert was sent out in error‚Ä¶ https://t.co/OExz8cjE5o,-0.1027,0.101,0.78,0.119
207,CNN,8,Sat Jan 13 19:02:56 +0000 2018,"RT @CNNnewsroom: ""We're still getting to the bottom of the details,"" says Hawaii Democratic Rep. Tulsi Gabbard after a false alert is sent‚Ä¶",0.296,0.095,0.905,0.0
208,CNN,9,Sat Jan 13 16:10:04 +0000 2018,"""I hope to... do some good for humanity"": 20-year-old Florida man claims $450 million lottery jackpot‚Ä¶ https://t.co/Q4JHAW80ZC",0.7003,0.279,0.721,0.0
209,CNN,10,Sat Jan 13 12:15:05 +0000 2018,What's sending mysterious repeating fast radio bursts in space? https://t.co/uxpIk9kvAV https://t.co/X8DpU9PW0v,0.0,0.0,1.0,0.0
210,CNN,11,Sat Jan 13 06:45:03 +0000 2018,A record-breaking 22 women are now serving in the US Senate https://t.co/kuXCgdRtWB https://t.co/vngYHgUKWe,0.0,0.0,1.0,0.0
211,CNN,12,Sat Jan 13 02:45:42 +0000 2018,"""My shithole in Africa"": President Trump's reported comments have sparked a global reaction https://t.co/GXKlawvTK0 https://t.co/9InUaFlRrS",0.0,0.0,1.0,0.0
212,CNN,13,Sat Jan 13 00:45:08 +0000 2018,"RT @OutFrontCNN: ""We know he's a racist, he's demonstrated that...he's a racist both in his actions and his words"" - Derrick Johnson, NAACP‚Ä¶",-0.8402,0.0,0.692,0.308
213,CNN,14,Fri Jan 12 22:24:20 +0000 2018,"They're nurses, accountants, students. Some of them come from places that US President Trump has reportedly called‚Ä¶ https://t.co/bm24sxEtXq",0.0,0.0,1.0,0.0
214,CNN,15,Fri Jan 12 20:40:06 +0000 2018,"""Let me be clear tonight. The people of Haiti have been through more... withstood more -- they've fought back again‚Ä¶ https://t.co/PO31h5oITf",0.0094,0.108,0.786,0.106
215,CNN,16,Fri Jan 12 18:20:14 +0000 2018,The number of Norwegians who became US citizens average about 100 a year -- less than .000001 percent of Norway's p‚Ä¶ https://t.co/uE4Ub2eG6O,0.0772,0.061,0.939,0.0
216,CNN,17,Fri Jan 12 14:50:07 +0000 2018,A new poll shows Oprah Winfrey with a double-digit lead over President Trump in a would-be 2020 general election ra‚Ä¶ https://t.co/7MzxGh4Car,0.0,0.0,1.0,0.0
217,CNN,18,Fri Jan 12 12:07:04 +0000 2018,"After Trump cited disapproval with London's new US embassy as the reason for canceling his visit to the city, Madam‚Ä¶ https://t.co/wVmLMAwSZJ",0.0,0.0,1.0,0.0
218,CNN,19,Fri Jan 12 11:10:08 +0000 2018,"US President Donald Trump's blast at immigrants from ""shithole"" countries was a bombshell -- but no one who has wat‚Ä¶ https://t.co/GENC62aBqT",-0.4215,0.0,0.872,0.128
219,CNN,20,Fri Jan 12 09:18:45 +0000 2018,Google is doing away with Chrome's parental control program https://t.co/hbvnahahIY https://t.co/Xf3ZdoZQz8,0.0,0.0,1.0,0.0
220,CNN,21,Fri Jan 12 06:01:46 +0000 2018,"33 years after starting his career, the world's oldest football player is not ready to hang up his boots yet.‚Ä¶ https://t.co/Ro9qEAeTeB",-0.2755,0.0,0.905,0.095
221,CNN,22,Fri Jan 12 03:54:56 +0000 2018,Google is doing away with Chrome's parental control program https://t.co/mD9E37zbSw https://t.co/hRptsE8OKf,0.0,0.0,1.0,0.0
222,CNN,23,Fri Jan 12 01:13:18 +0000 2018,"""Not racial. Not racially charged. Racist. ... The sentiment the President expressed today is a racist sentiment.""‚Ä¶ https://t.co/WBbLnZPGxE",-0.8689,0.0,0.588,0.412
223,CNN,24,Thu Jan 11 22:52:24 +0000 2018,"President Trump expressed frustration behind closed doors with people coming to the US from ""shithole countries,"" a‚Ä¶ https://t.co/GxEUC1cE1V",-0.4767,0.0,0.846,0.154
224,CNN,25,Thu Jan 11 20:36:08 +0000 2018,Scientists have discovered a species of dinosaur that was roughly the size of a turkey and roamed between Australia‚Ä¶ https://t.co/vQtQ49PM50,0.0,0.0,1.0,0.0
225,CNN,26,Thu Jan 11 17:15:09 +0000 2018,European diplomats urge President Trump to honor Iran nuclear deal https://t.co/RHLJHQaGfQ https://t.co/Hvb29ejeO5,0.4939,0.225,0.775,0.0
226,CNN,27,Thu Jan 11 12:30:14 +0000 2018,What should we have the right to know about a president's health? https://t.co/BExbnnld0l https://t.co/ScmXIVJmls,0.0,0.0,1.0,0.0
227,CNN,28,Thu Jan 11 08:42:12 +0000 2018,"YouTube is punishing one of its most popular creators, Logan Paul, after he posted footage of a dead body to his ch‚Ä¶ https://t.co/hWI9UjuFzC",-0.701,0.103,0.633,0.263
228,CNN,29,Thu Jan 11 06:01:05 +0000 2018,What's sending mysterious repeating fast radio bursts in space? https://t.co/vckWkKTrHK https://t.co/nLiVCqhHjf,0.0,0.0,1.0,0.0
229,CNN,30,Thu Jan 11 03:36:03 +0000 2018,"Controversial former Sheriff Joe Arpaio called former President Barack Obama's birth certificate a ""phony document""‚Ä¶ https://t.co/Flu23PhkGj",-0.2023,0.0,0.886,0.114
230,CNN,31,Thu Jan 11 01:26:40 +0000 2018,"RT @AC360: Keeping Them Honest: No conclusion about ""no collusion,"" but here are the facts we have so far https://t.co/RcyMS6ngQ1",-0.0129,0.096,0.761,0.143
231,CNN,32,Wed Jan 10 23:26:33 +0000 2018,RT @CNNSitRoom: Sen. Murphy: Trump is going to have to go under oath and tell his side of the story. It‚Äôs important. https://t.co/vvw9uRQZ6‚Ä¶,0.2023,0.076,0.924,0.0
232,CNN,33,Wed Jan 10 20:46:02 +0000 2018,"""I still have pain every day, all day"": Sen. Rand Paul says he felt ""the pain of 1,000 knives"" for weeks after the‚Ä¶ https://t.co/F05WM7q49t",-0.765,0.0,0.769,0.231
233,CNN,34,Wed Jan 10 18:45:13 +0000 2018,GOP House investigators want James Comey to testify on Clinton email investigation https://t.co/OUQbFjrwE0 https://t.co/gvXBBBkLm4,0.0772,0.091,0.909,0.0
234,CNN,35,Wed Jan 10 15:44:22 +0000 2018,The single most important line from President Trump's Tuesday talk-a-thon | Analysis by @CillizzaCNN‚Ä¶ https://t.co/T0TBywSQET,0.2716,0.139,0.861,0.0
235,CNN,36,Wed Jan 10 12:08:09 +0000 2018,"Russia is hindering the fight against ISIS in Syria, an official from the US-led coalition fighting ISIS says‚Ä¶ https://t.co/czet52ti5R",-0.6249,0.0,0.769,0.231
236,CNN,37,Wed Jan 10 09:01:02 +0000 2018,"With a net worth of more than $105 billion, Jeff Bezos is now the richest person in history https://t.co/7odjHAuhjU https://t.co/fTWnxiwWOF",0.6486,0.238,0.762,0.0
237,CNN,38,Wed Jan 10 06:01:21 +0000 2018,"Former Republican Senator Rick Santorum: 'I don't support doing DACA, period' https://t.co/fLO5MlHO5J https://t.co/1mGl1Q3f84",-0.3089,0.0,0.842,0.158
238,CNN,39,Wed Jan 10 03:50:56 +0000 2018,".@ananavarro on Trump's bipartisan immigration meeting: ""He is laying this straight on Congress' lap. If they don't‚Ä¶ https://t.co/ayqPaNXXJW",0.2789,0.111,0.889,0.0
239,CNN,40,Wed Jan 10 02:11:34 +0000 2018,"RT @AC360: .@jorgeramosnews: ""Republicans control the White House, they control Congress -- if they really, really want the DREAM Act, if t‚Ä¶",0.5951,0.196,0.804,0.0
240,CNN,41,Wed Jan 10 00:46:03 +0000 2018,"Donald Trump 1, Steve Bannon 0 | Analysis by @CillizzaCNN https://t.co/OhZipEIAsL https://t.co/gSZW0HQHr9",0.0,0.0,1.0,0.0
241,CNN,42,Tue Jan 09 22:41:07 +0000 2018,Boeing delivered more jetliners than ever in 2017 https://t.co/btMPhUQ9ej https://t.co/xwV7HKuUzm,0.0,0.0,1.0,0.0
242,CNN,43,Tue Jan 09 20:41:05 +0000 2018,President Trump appeared to contradict himself multiple times in a meeting on immigration with a bipartisan group o‚Ä¶ https://t.co/YGNaFxyAtT,-0.3182,0.0,0.874,0.126
243,CNN,44,Tue Jan 09 18:10:54 +0000 2018,"President Trump says he wants bipartisan immigration reform: ""I feel having the Democrats in with us is absolutely‚Ä¶ https://t.co/YtqxlWl6Zc",0.0,0.0,1.0,0.0
244,CNN,45,Tue Jan 09 15:00:19 +0000 2018,"How to train, eat and sleep like an Olympic champion https://t.co/IncEwiY60O https://t.co/CG5cdcdxuw",0.7506,0.39,0.61,0.0
245,CNN,46,Tue Jan 09 12:45:56 +0000 2018,"A middle school hosted a ""breakfast with dads"" event, but some school administrators worried about students who did‚Ä¶ https://t.co/EM7q1i5jjK",-0.4215,0.0,0.851,0.149
246,CNN,47,Tue Jan 09 08:50:57 +0000 2018,Why is everyone so excited about Nvidia?https://t.co/6bUYYpvDVw https://t.co/efPmPkHMps,0.4795,0.308,0.692,0.0
247,CNN,48,Tue Jan 09 07:07:25 +0000 2018,"""Fire and Fury"" author Michael Wolff says 100 percent of the people around the President believe he's incapable of‚Ä¶ https://t.co/oi0TXB8b3o",-0.8271,0.0,0.661,0.339
248,CNN,49,Tue Jan 09 05:01:09 +0000 2018,"The world's most punctual airports and airlines in 2018, revealed https://t.co/sWGVe6l3EM https://t.co/NBZpIkGS1R",0.0,0.0,1.0,0.0
249,CNN,50,Tue Jan 09 03:25:08 +0000 2018,"""They're liars."" Michael Wolff, author of the bombshell book ""Fire and Fury,"" says White House staff aren't being t‚Ä¶ https://t.co/RsA3spFvTE",-0.34,0.0,0.888,0.112
250,CNN,51,Tue Jan 09 02:21:06 +0000 2018,President Donald Trump has tasked chief of staff John Kelly with shepherding his immigration proposals through Cong‚Ä¶ https://t.co/XZjr81vYdH,0.0,0.0,1.0,0.0
251,CNN,52,Tue Jan 09 00:12:39 +0000 2018,House Minority Leader Nancy Pelosi gave mixed reviews about whether Oprah is the right candidate for Democrats to p‚Ä¶ https://t.co/7StEV39KX5,0.0,0.0,1.0,0.0
252,CNN,53,Mon Jan 08 22:15:10 +0000 2018,"Meet Kathryn Smith, the first woman to become a full-time coach in the NFL.

#BossFiles with @PoppyHarlowCNN: 

Lis‚Ä¶ https://t.co/DeAwBuIWZX",0.0,0.0,1.0,0.0
253,CNN,54,Mon Jan 08 20:10:03 +0000 2018,Here's what Oprah Winfrey said at the Golden Globes last night https://t.co/oJ7E60GG4j https://t.co/uLfVv6EqVR,0.0,0.0,1.0,0.0
254,CNN,55,Mon Jan 08 17:10:11 +0000 2018,Billionaire Democratic megadonor Tom Steyer says he is not running for office in 2018 but will spend $30 million on‚Ä¶ https://t.co/v5xdC74n9M,0.0,0.0,1.0,0.0
255,CNN,56,Mon Jan 08 13:10:04 +0000 2018,"""I want all the girls watching here, now, to know that a new day is on the horizon!"": Read Oprah Winfrey's rousing‚Ä¶ https://t.co/5MAXNKZR8L",0.1511,0.07,0.93,0.0
256,CNN,57,Mon Jan 08 10:30:25 +0000 2018,Comedian Stephen Colbert extends Trump satire into animated realm https://t.co/dd3dxw1aur https://t.co/KWNG1QEaF9,0.4767,0.313,0.687,0.0
257,CNN,58,Mon Jan 08 07:15:21 +0000 2018,Cold weather in Florida has caused frozen iguanas to fall from trees https://t.co/AAKSdZ0GSk https://t.co/WBbDIyaepg,0.0,0.0,1.0,0.0
258,CNN,59,Mon Jan 08 04:44:03 +0000 2018,"Oprah Winfrey may have squashed speculation of a potential presidential bid in 2020, but #GoldenGlobes host Seth Me‚Ä¶ https://t.co/JSp8DMaWWl",0.0,0.0,1.0,0.0
259,CNN,60,Mon Jan 08 03:27:22 +0000 2018,RT @CNNent: Oprah Winfrey electrifies the #GoldenGlobes while accepting a lifetime achievement award. https://t.co/bz86uJApg0 https://t.co/‚Ä¶,0.7269,0.337,0.663,0.0
260,CNN,61,Mon Jan 08 02:05:51 +0000 2018,Hollywood didn't just show up at the #GoldenGlobes intent on making a statement about women -- it also honored them. https://t.co/Xxb15ekJoc,0.5859,0.167,0.833,0.0
261,CNN,62,Mon Jan 08 00:30:56 +0000 2018,"Seth Meyers will host the 75th Annual Golden Globe Awards, where roughly 90 members of the Hollywood Foreign Press‚Ä¶ https://t.co/K7nhL8VbXP",0.4588,0.136,0.864,0.0
262,CNN,63,Sun Jan 07 18:45:14 +0000 2018,Saudi Arabia arrests 11 princes protesting cuts to perks https://t.co/i1txXespuD https://t.co/Jjb7O0O5qM,-0.7845,0.0,0.503,0.497
263,CNN,64,Sun Jan 07 14:41:33 +0000 2018,"Rep. Adam Schiff says he believes the Justice Department is investigating the Clinton Foundation at the ""badgering""‚Ä¶ https://t.co/CPklqqzjuU",0.5267,0.167,0.833,0.0
264,CNN,65,Sun Jan 07 07:30:17 +0000 2018,Pope Francis is having cards printed and distributed showing a 1945 photo of victims of the nuclear bombing of Naga‚Ä¶ https://t.co/kt2KZCRBrt,-0.3182,0.0,0.892,0.108
265,CNN,66,Sat Jan 06 22:45:04 +0000 2018,Should Democrats shake President Trump's hand and make this deal? https://t.co/O7Gv0CGthy (via @CNNOpinion) https://t.co/QtUP7mHJZ2,0.3612,0.189,0.71,0.101
266,CNN,67,Sat Jan 06 17:55:39 +0000 2018,"Democratic mega-donor and billionaire environmentalist Tom Steyer has purchased a copy of ""Fire and Fury"" for every‚Ä¶ https://t.co/tTG8qjeKMa",-0.7269,0.0,0.711,0.289
267,CNN,68,Sat Jan 06 14:55:10 +0000 2018,"Ahead of the Golden Globes,  ""Fashion Police"" host Melissa Rivers says addressing #MeToo at the awards ceremony wil‚Ä¶ https://t.co/qwrqhWXMN7",0.4588,0.143,0.857,0.0
268,CNN,69,Sat Jan 06 07:00:07 +0000 2018,The World Health Organization is planning to recognize gaming disorder as a mental health condition‚Ä¶ https://t.co/20RDTTFtl6,-0.4019,0.0,0.838,0.162
269,CNN,70,Sat Jan 06 01:40:10 +0000 2018,"How good the market under President Trump really is, in one chart https://t.co/FpqZbphGYe https://t.co/fFPa8i3sJs",0.4404,0.182,0.818,0.0
270,CNN,71,Fri Jan 05 21:50:08 +0000 2018,"Rep. Elijah Cummings was admitted to the hospital for a bacterial infection in his knee, his office has announced‚Ä¶ https://t.co/RGKgL39aen",0.1027,0.072,0.928,0.0
271,CNN,72,Fri Jan 05 18:52:05 +0000 2018,"Secretary of State Rex Tillerson: ""I intend to be here for the whole year"" https://t.co/Cj1A0edDnt https://t.co/DqTudYPTTM",0.0,0.0,1.0,0.0
272,CNN,73,Fri Jan 05 14:06:52 +0000 2018,The US economy added more than 2 million jobs in 2017. The unemployment rate stayed at 4.1%. https://t.co/4S9yAw3HZX https://t.co/r6tYIDfYVb,-0.4404,0.0,0.854,0.146
273,CNN,74,Fri Jan 05 08:30:37 +0000 2018,Toshiba's disastrous foray into the US nuclear business is coming to an end -- the Japanese conglomerate is selling‚Ä¶ https://t.co/3fe3iUXrsq,-0.5994,0.0,0.83,0.17
274,CNN,75,Fri Jan 05 04:30:07 +0000 2018,Researchers have revealed two vulnerabilities in computer processors affecting billions of devices around the world‚Ä¶ https://t.co/gecBIftGrl,-0.1531,0.0,0.904,0.096
275,CNN,76,Fri Jan 05 01:20:12 +0000 2018,Sean Spicer on his time as White House press secretary: There were times I screwed up https://t.co/w3RNT7BDJt https://t.co/KNpVSEZB4U,-0.4939,0.0,0.833,0.167
276,CNN,77,Thu Jan 04 22:12:50 +0000 2018,Amazon's smart mirror patent teases the future of fashion https://t.co/9zjEc67g8u https://t.co/s27rc2EkoQ,0.128,0.194,0.647,0.158
277,CNN,78,Thu Jan 04 18:45:21 +0000 2018,RT @cnnbrk: At least 8 million are under blizzard warnings. 58 million are in the storm's path. At least 16 have died. Get live updates on‚Ä¶,-0.7003,0.0,0.799,0.201
278,CNN,79,Thu Jan 04 15:47:05 +0000 2018,"A quirky law will settle a tied Virginia state legislature race, and stakes have seldom been higher. A winner's nam‚Ä¶ https://t.co/HwY09NJGrD",0.0,0.0,1.0,0.0
279,CNN,80,Thu Jan 04 13:12:27 +0000 2018,RT @CNNPolitics: Former White House communications director Anthony Scaramucci on the portrayal of the Trump campaign in Michael Wolff's bo‚Ä¶,0.0,0.0,1.0,0.0
280,CNN,81,Thu Jan 04 09:17:09 +0000 2018,"Andy Murray, who has not played competitively since July because of a hip injury, has withdrawn from the Australian‚Ä¶ https://t.co/xpNHhbL0TT",-0.5908,0.0,0.779,0.221
281,CNN,82,Thu Jan 04 06:00:17 +0000 2018,Some children living in the southern US were very excited to see snow for the first time https://t.co/slO2ffxWNq https://t.co/KlpoZquRxI,0.4005,0.13,0.87,0.0
282,CNN,83,Thu Jan 04 03:36:24 +0000 2018,"RT @TheLeadCNN: CNN's @JakeTapper: Excerpts from the new Trump book ""range from the bizarre to the stunning and some may even have legal ra‚Ä¶",0.2023,0.15,0.766,0.084
283,CNN,84,Wed Jan 03 23:30:10 +0000 2018,"Listen to what Iran protesters are really saying, writes Hamid Yazdan Panah for @CNNOpinion https://t.co/ejThaB0pV8 https://t.co/zqAqVeFG4D",-0.2263,0.0,0.888,0.112
284,CNN,85,Wed Jan 03 20:20:09 +0000 2018,Former Trump campaign chairman Paul Manafort sues special counsel Robert Mueller https://t.co/hPdkv6hZz8 https://t.co/zdZsrEE7DF,0.4019,0.184,0.816,0.0
285,CNN,86,Wed Jan 03 17:08:56 +0000 2018,Inside Japan's 'suicide forest' https://t.co/cSZ9bm6ja9 https://t.co/aMI1YnBQRm,-0.6705,0.0,0.526,0.474
286,CNN,87,Wed Jan 03 13:42:03 +0000 2018,"5 things for Wednesday:

- North and South Korea
- Politics
- Iran protests
- Joshua Boyle
- Weather‚Ä¶ https://t.co/YI5TQMzaKk",-0.2263,0.0,0.872,0.128
287,CNN,88,Wed Jan 03 10:38:19 +0000 2018,"Geriatricians, cancer specialists and health system analysts say that an epidemic of medical tests in older patient‚Ä¶ https://t.co/jD1ErYEq3I",-0.6597,0.0,0.794,0.206
288,CNN,89,Wed Jan 03 07:00:13 +0000 2018,The Republican opposition to President Donald Trump is poised to get a new champion: Mitt Romney‚Ä¶ https://t.co/X1fQmZMF0i,0.7096,0.296,0.704,0.0
289,CNN,90,Wed Jan 03 03:00:12 +0000 2018,"Former Milwaukee Sheriff David A. Clarke, Jr., a vocal surrogate for President Trump, was temporarily blocked from‚Ä¶ https://t.co/N0W1TvZBjU",-0.2732,0.0,0.884,0.116
290,CNN,91,Wed Jan 03 00:40:31 +0000 2018,"""Donald Trump is a very dangerous man. He does not belong in the presidency. ... I'm not going to support any membe‚Ä¶ https://t.co/eWJCJBi14W",-0.6859,0.0,0.78,0.22
291,CNN,92,Tue Jan 02 22:28:02 +0000 2018,Sports may be the topic of conversation between North Korea and South Korea. But it's the fact of the conversation‚Ä¶ https://t.co/BPLFm1Hc8C,0.0,0.0,1.0,0.0
292,CNN,93,Tue Jan 02 19:40:11 +0000 2018,"It's not just pot: California is legislating guns, tampons and diaper changes in 2018 https://t.co/oXAo2MdLnV https://t.co/KMddnbnzy5",0.0,0.0,1.0,0.0
293,CNN,94,Tue Jan 02 16:01:06 +0000 2018,Solo climbers have been banned from scaling Mount Everest https://t.co/Pjgts6crlC https://t.co/q8oV2j1uHG,-0.4588,0.0,0.769,0.231
294,CNN,95,Tue Jan 02 13:05:37 +0000 2018,Pro golfer Taylor Funk on President Trump‚Äôs golf game: ‚ÄúHe shot a legit 36 on the front nine‚Ä¶ He‚Äôs definitely a lot‚Ä¶ https://t.co/pRNnr0nzdf,0.4019,0.119,0.881,0.0
295,CNN,96,Tue Jan 02 10:15:14 +0000 2018,"Flying in 2017 was safer than it's ever been, with zero jet-powered commercial passenger plane crashes‚Ä¶ https://t.co/puWuBR7P6A",0.4215,0.149,0.851,0.0
296,CNN,97,Tue Jan 02 06:00:07 +0000 2018,Catching up on news from the holidays? Here are 7 key stories you might have missed  https://t.co/6FDFbyGovq https://t.co/U7bsSYjiGu,0.1027,0.131,0.758,0.111
297,CNN,98,Tue Jan 02 01:30:08 +0000 2018,"America's health crisis is the result of greedy corporations and their reckless practices, writes Jeffrey Sachs for‚Ä¶ https://t.co/mbew8gaj4e",-0.8442,0.0,0.622,0.378
298,CNN,99,Mon Jan 01 22:00:23 +0000 2018,"At least 12 people have been killed in four days of demonstrations in Iran, state media reported, in the biggest ch‚Ä¶ https://t.co/Fn2xPocops",-0.6705,0.0,0.824,0.176
299,CNN,100,Mon Jan 01 19:00:08 +0000 2018,"The Colorado gunman who killed a deputy was an Iraq veteran, official says https://t.co/q09hPjQHIy https://t.co/hgiqCJlrCL",-0.6705,0.0,0.743,0.257
300,Fox,1,Mon Jan 15 07:15:01 +0000 2018,".@TerryMcAuliffe Rips 'Disgraceful, Disgusting' @POTUS Over DACA Remarks https://t.co/iIgeN4YJcd",-0.5267,0.0,0.702,0.298
301,Fox,2,Mon Jan 15 04:12:03 +0000 2018,"This morning, President @realDonaldTrump declared that ""DACA is probably dead."" https://t.co/rmJNZSMcH1 https://t.co/iMXz7UKLIg",0.0,0.0,1.0,0.0
302,Fox,3,Mon Jan 15 02:17:02 +0000 2018,.@realDonaldTrump denied claims that he's a racist following allegations of a vulgar comment that lawmakers said he‚Ä¶ https://t.co/BXbV7lYAGA,-0.7845,0.0,0.67,0.33
303,Fox,4,Mon Jan 15 00:09:14 +0000 2018,"Defense Attorney Robert Schalk on possible #Trump interview with Mueller: ""[@POTUS] could be opening himself up...t‚Ä¶ https://t.co/5FHthYxRfG",0.128,0.086,0.914,0.0
304,Fox,5,Sun Jan 14 22:32:33 +0000 2018,UK politician's model girlfriend suspended after reported 'vile' Meghan Markle remarks https://t.co/RRTWldTttq,-0.4767,0.0,0.78,0.22
305,Fox,6,Sun Jan 14 21:47:53 +0000 2018,"Amb. James Jeffrey on North Korea: ""All of the good emergency preparedness training and exercises in the world will‚Ä¶ https://t.co/zhjqnjyj5M",0.0772,0.123,0.766,0.111
306,Fox,7,Sun Jan 14 20:53:06 +0000 2018,".@AllysiaFinley on potential bipartisan immigration deal: ""I think this is a big political winner for [@POTUS]. He‚Ä¶ https://t.co/MB4d0ik1cv",0.5859,0.192,0.808,0.0
307,Fox,8,Sun Jan 14 19:59:14 +0000 2018,.@RepMaxineWaters and @repjohnlewis skipping @POTUS's State of the Union. https://t.co/8uLEuEY0MR,0.0,0.0,1.0,0.0
308,Fox,9,Sun Jan 14 18:54:04 +0000 2018,First indictment in Uranium One probe. https://t.co/li4AdKaepp,0.0,0.0,1.0,0.0
309,Fox,10,Sun Jan 14 17:35:32 +0000 2018,".@RajShah45: ""@POTUS wants to see real border security. He wants to see movement on chain migration and ending the‚Ä¶ https://t.co/nG1kcmfaiy",0.34,0.112,0.888,0.0
310,Fox,11,Sun Jan 14 15:30:37 +0000 2018,"RT @FoxBusiness: Walmart just took its employee benefits to the next level, here's a look   https://t.co/jbVAq7jikE",0.3818,0.157,0.843,0.0
311,Fox,12,Sun Jan 14 14:37:05 +0000 2018,RT @FoxNewsSunday: .@AGBecerra on why refugees from El Salvador are still in U.S. on temporary protected status: ‚ÄúClearly things are broken‚Ä¶,0.4404,0.127,0.873,0.0
312,Fox,13,Sun Jan 14 14:14:49 +0000 2018,RT @FoxNewsSunday: .@SecNielsen on @POTUS‚Äô tough language in immigration meeting: I don‚Äôt recall him using that phrase...he will continue t‚Ä¶,-0.128,0.0,0.923,0.077
313,Fox,14,Sun Jan 14 11:21:40 +0000 2018,".@MichaelRCaputo: ‚ÄúThere were hundreds, if not just over a thousand people, who were unmasked for what appears to b‚Ä¶ https://t.co/5l2kpKymbX",0.0,0.0,1.0,0.0
314,Fox,15,Sun Jan 14 07:30:03 +0000 2018,Fog shrouds the Martin Luther King Jr. Memorial in Washington on Friday. The federal holiday to commemorate his bir‚Ä¶ https://t.co/ADXWlXQMMA,0.4019,0.124,0.876,0.0
315,Fox,16,Sun Jan 14 03:37:00 +0000 2018,Sean Penn: Donald Trump Is 'An Enemy of Mankind' https://t.co/92QNwNd1ln,-0.5423,0.0,0.72,0.28
316,Fox,17,Sun Jan 14 00:56:50 +0000 2018,"Hugo Gurdon on DACA: ""The building of a wall does not stop points of entry, it just makes sure that people enter th‚Ä¶ https://t.co/eJi2kWoHtZ",0.4919,0.166,0.834,0.0
317,Fox,18,Sat Jan 13 23:21:46 +0000 2018,"Vern Miyagi: ""We'll have a cancellation template that's already been inserted."" https://t.co/Sy6H2YnYaL",0.0,0.0,1.0,0.0
318,Fox,19,Sat Jan 13 22:12:02 +0000 2018,"Gordon Chang: ""Within a year the North Koreans will be able to land a nuke anywhere in the American homeland. They‚Ä¶ https://t.co/4iHlXlIcXx",0.0,0.0,1.0,0.0
319,Fox,20,Sat Jan 13 21:21:48 +0000 2018,"50 years later, Johnny Cash's Folsom Prison album continues to captivate and resonate https://t.co/AVeGXRXCVE",-0.5106,0.0,0.798,0.202
320,Fox,21,Sat Jan 13 20:16:04 +0000 2018,"Jim Walsh on Hawaii missile alert mistake: ""The biggest way to protect ourselves is to make sure that we freeze Nor‚Ä¶ https://t.co/ylayQkfgC3",0.5994,0.3,0.614,0.087
321,Fox,22,Sat Jan 13 19:13:50 +0000 2018,".@GordonGChang on the mistake ballistic missile threat alert: ""This is a real concern, and the reason is...the warn‚Ä¶ https://t.co/x4nbUiMEN4",-0.5574,0.096,0.652,0.252
322,Fox,23,Sat Jan 13 17:55:18 +0000 2018,"Keith Jackson, iconic college football announcer, dies at 89 https://t.co/0GgTyrx2au",0.0,0.0,1.0,0.0
323,Fox,24,Sat Jan 13 16:32:20 +0000 2018,Kentucky to add Medicaid work requirement; first state to follow Trump plan https://t.co/UOML041ty9,0.0,0.0,1.0,0.0
324,Fox,25,Sat Jan 13 15:31:08 +0000 2018,".@HeyTammyBruce: ""For the people who've come here from those countries, they're the ones who agree - they've left t‚Ä¶ https://t.co/FKWyUAjPcX",0.3612,0.122,0.878,0.0
325,Fox,26,Sat Jan 13 12:50:37 +0000 2018,"Kevin Kelley: ""What this president has done is a lot of deregulation."" https://t.co/7lkyrAhRnT",0.0,0.0,1.0,0.0
326,Fox,27,Sat Jan 13 07:45:00 +0000 2018,".@wikileaks founder @JulianAssange's poor hygiene sparks complaints at Ecuador Embassy, report says https://t.co/Myq9g4mIwG",-0.7003,0.0,0.655,0.345
327,Fox,28,Sat Jan 13 03:24:56 +0000 2018,"Las Vegas shooter's girlfriend said she handled his ammo, helped him load magazines, unsealed docs say (via‚Ä¶ https://t.co/48HdxiIyqG",0.0,0.0,1.0,0.0
328,Fox,29,Sat Jan 13 01:22:47 +0000 2018,"South Carolina authorities searching for escaped inmate, sheriff says https://t.co/66LpxnOY5g",0.0,0.0,1.0,0.0
329,Fox,30,Fri Jan 12 22:43:00 +0000 2018,Original Mouseketeer Doreen Tracey dead at 74 https://t.co/kgPp5GNrC1,-0.4588,0.183,0.476,0.341
330,Fox,31,Fri Jan 12 19:46:31 +0000 2018,".@WikiLeaks founder @JulianAssange's poor hygiene sparks complaints at Ecuador Embassy, report says https://t.co/yat3Cw9Nsw #FoxNews",-0.7003,0.0,0.674,0.326
331,Fox,32,Fri Jan 12 18:01:31 +0000 2018,"War of words escalates over Trump's immigration comments - via @brookefoxnews
https://t.co/DImpk7pFZm",-0.5994,0.0,0.719,0.281
332,Fox,33,Fri Jan 12 16:16:00 +0000 2018,"Picture of ALS-stricken grandfather saying goodbye to dying granddaughter, 5, goes viral https://t.co/WV6Bvm1lgd",0.0,0.0,1.0,0.0
333,Fox,34,Fri Jan 12 14:45:05 +0000 2018,".@Johnny_Joey: ""We get up in the morning in this country and say, 'How do we change it and make it better?' That's‚Ä¶ https://t.co/ivAJgH15wP",0.0,0.0,1.0,0.0
334,Fox,35,Fri Jan 12 13:24:33 +0000 2018,".@FLGovScott: ""We're a tourism state. 1 out of every 6 jobs in our state is tied to tourism."" #Florida https://t.co/dIATppIXKY",0.0,0.0,1.0,0.0
335,Fox,36,Fri Jan 12 11:37:45 +0000 2018,.@charliekirk11 on @FoxFriendsFirst: ‚ÄúWe need to try to get people off of government benefits and back into the wor‚Ä¶ https://t.co/Y4oe4renR6,0.3818,0.12,0.88,0.0
336,Fox,37,Fri Jan 12 09:00:02 +0000 2018,"Christian persecution continues to rise, more incidents against women in 2017, new report says https://t.co/07nDeubGWk",0.0,0.0,1.0,0.0
337,Fox,38,Fri Jan 12 05:00:00 +0000 2018,#Trump laments immigration from 's---hole countries' in Oval Office negotiations https://t.co/Z8lagBDHzE,-0.3612,0.0,0.8,0.2
338,Fox,39,Fri Jan 12 01:46:48 +0000 2018,"""There's a powerful contingent of speech police out there."" ‚Äî@denisjfinley on why he was fired over a tweet critici‚Ä¶ https://t.co/rlYz2CEdwU",-0.2023,0.125,0.714,0.161
339,Fox,40,Thu Jan 11 22:40:03 +0000 2018,".@dbongino: ""Nobody has pointed out one single predicate crime to point out why @realDonaldTrump's team was being s‚Ä¶ https://t.co/cHI3OylaQu",-0.5423,0.0,0.837,0.163
340,Fox,41,Thu Jan 11 20:22:38 +0000 2018,".@PressSec on Iran nuke deal: ""The president still strongly believes this was one of the worst deals of all time.""‚Ä¶ https://t.co/diqsW0ZI5o",-0.4588,0.083,0.754,0.163
341,Fox,42,Thu Jan 11 18:39:15 +0000 2018,"Female MS-13 gang member, 18, told teen girl 'don't forget my name' in video confession of brutal killing https://t.co/DP9HQCIgS4",-0.8331,0.064,0.611,0.325
342,Fox,43,Thu Jan 11 16:47:17 +0000 2018,BREAKING NEWS: House votes to reauthorize FISA. https://t.co/1J8o8nGbRM,0.0,0.0,1.0,0.0
343,Fox,44,Thu Jan 11 15:25:26 +0000 2018,A new @QuinnipiacPoll shows that 66% of voters believe the economy is either excellent or good. https://t.co/yAuhyfLoqL,0.765,0.32,0.68,0.0
344,Fox,45,Thu Jan 11 13:45:32 +0000 2018,".@dbongino: ""[Robert de Niro] thinks because he was a tough guy in the movies, I guess, that this transfers to real‚Ä¶ https://t.co/Oy6NC2Q625",-0.128,0.0,0.927,0.073
345,Fox,46,Thu Jan 11 12:37:14 +0000 2018,"Acting @ICEgov Dir.: ""People who say the wall doesn't work, they obviously don't understand how operations on the b‚Ä¶ https://t.co/e5qo443vAS",0.0,0.0,1.0,0.0
346,Fox,47,Thu Jan 11 10:44:52 +0000 2018,.@JaniceDean gives an update on the weather on @FoxFriendsFirst https://t.co/HZnuCNmZmq,0.0,0.0,1.0,0.0
347,Fox,48,Thu Jan 11 07:15:00 +0000 2018,"OPINION: This is what happens when @realDonaldTrump tweets out your email address, via @mgoodwin_nypost https://t.co/FZM8Q3Wzky",0.0,0.0,1.0,0.0
348,Fox,49,Thu Jan 11 03:42:51 +0000 2018,"RT @FoxBusiness: .@SecShulkin on homelessness: ""The @POTUS has put more money into the budget this year to reduce veterans homelessness."" h‚Ä¶",0.0,0.0,1.0,0.0
349,Fox,50,Thu Jan 11 01:04:26 +0000 2018,"""#Obama tried it. Couldn't do it. #Bush tried it. Couldn't do it. #DonaldTrump will be the president that can do it‚Ä¶ https://t.co/McXrCvO82A",0.0,0.0,1.0,0.0
350,Fox,51,Wed Jan 10 23:16:31 +0000 2018,"President #Trump to decide on Iran nuclear deal renewal, @RichEdsonDC reports https://t.co/huGe8MUYkV",0.0,0.0,1.0,0.0
351,Fox,52,Wed Jan 10 21:48:04 +0000 2018,".@POTUS: ""There was absolutely no collusion. Everybody knows it... It's a Democrat hoax that was brought up as an e‚Ä¶ https://t.co/2TZwSCzMik",-0.5563,0.0,0.797,0.203
352,Fox,53,Wed Jan 10 20:29:58 +0000 2018,".@erna_solberg: ""Our Norwegian constitution, the second oldest in the world...was inspired by American ideals."" https://t.co/fr1EQmNaUn",0.4939,0.186,0.814,0.0
353,Fox,54,Wed Jan 10 19:21:49 +0000 2018,"Lavish Obama Center hits mounting opposition in Chicago as profs blast plans, 'socially regressive' ideas https://t.co/Ui57vx2uDW",0.0,0.0,1.0,0.0
354,Fox,55,Wed Jan 10 18:10:03 +0000 2018,".@AGBecerra: ""I've said from the very beginning that DACA was fully legal."" https://t.co/MF0dq9mWCe",0.0,0.0,1.0,0.0
355,Fox,56,Wed Jan 10 16:59:59 +0000 2018,"On @foxandfriends, @Kathy4Truth slammed The @NewYorker for their recent controversial cover. https://t.co/Vl2bOeTNQv https://t.co/vySZyNpt3f",-0.2023,0.0,0.87,0.13
356,Fox,57,Wed Jan 10 14:56:15 +0000 2018,"Trump deserves 'big credit' for sparking North Korea talks, South Korea's president says https://t.co/M7Y95qp4CF",0.3818,0.167,0.833,0.0
357,Fox,58,Wed Jan 10 12:02:17 +0000 2018,"Trump deserves 'big credit' for sparking North Korea talks, South Korea's president says https://t.co/BR2iommiJe",0.3818,0.167,0.833,0.0
358,Fox,59,Wed Jan 10 09:00:05 +0000 2018,WATCH: A deer was caught on video charging right through a glass door at a #Wisconsin high school. https://t.co/EqPaAyaVdQ,0.0,0.0,1.0,0.0
359,Fox,60,Wed Jan 10 05:15:00 +0000 2018,Uproar over Salvadoran decision could give #Trump bargaining chip in immigration talks https://t.co/uSNekhFbuo,0.0,0.0,1.0,0.0
360,Fox,61,Wed Jan 10 02:50:49 +0000 2018,".@KellyannePolls on immigration reform: ""This is a president who is talking about national interests, not special i‚Ä¶ https://t.co/vWjh3e3tnp",-0.0665,0.104,0.779,0.117
361,Fox,62,Wed Jan 10 00:43:54 +0000 2018,".@gen_jackkeane on North Korea talks: ""We all want something good to come out of it and I think the administration‚Ä¶ https://t.co/LXdQZSUkXy",0.4939,0.189,0.811,0.0
362,Fox,63,Tue Jan 09 22:34:05 +0000 2018,".@AlvedaCKing: @Kaepernick7 Has 'The Method, But Not the Message'  #Cavuto https://t.co/EKaG9eHwWE",0.0,0.0,1.0,0.0
363,Fox,64,Tue Jan 09 20:32:07 +0000 2018,".@PressSec: ""[Drug trafficking] is certainly a factor. It's one of the reasons @POTUS is very committed to border s‚Ä¶ https://t.co/6yleOHSmxU",0.5849,0.22,0.78,0.0
364,Fox,65,Tue Jan 09 18:55:31 +0000 2018,".@RepMcSally on @POTUS's bipartisan immigration meeting: ""It was a very constructive meeting."" https://t.co/KZgCemIeTu",0.0,0.0,1.0,0.0
365,Fox,66,Tue Jan 09 16:59:46 +0000 2018,"JUST IN: At least 2 people confirmed dead in Southern California mudslides triggered by winter storms, officials say https://t.co/bSJEwLKhGH",-0.6486,0.0,0.798,0.202
366,Fox,67,Tue Jan 09 14:25:27 +0000 2018,.@adrienneelrod on immigration: ‚ÄúThere‚Äôs a way to have better border security‚Ä¶but absolutely building a wall is off‚Ä¶ https://t.co/xXCMRcG6AZ,0.4404,0.162,0.838,0.0
367,Fox,68,Tue Jan 09 11:59:35 +0000 2018,"RT @FoxBusiness: JPMorgan Chase Chairman &amp; CEO Jamie Dimon on tax reform: ""Over time, it will be very good for America."" https://t.co/J6hOg‚Ä¶",0.4927,0.132,0.868,0.0
368,Fox,69,Tue Jan 09 09:45:00 +0000 2018,"Roseanne Barr defends Trump, says sitcom will tackle politics https://t.co/v57tLSmjq8",0.0,0.0,1.0,0.0
369,Fox,70,Tue Jan 09 05:30:01 +0000 2018,".@POTUS during remarks at the American Farm Bureau Federation‚Äôs Annual Convention: ""We are witnessing a new era of‚Ä¶ https://t.co/3JM1JyiooP",0.0,0.0,1.0,0.0
370,Fox,71,Tue Jan 09 01:40:31 +0000 2018,WATCH: #Trump Adviser Stephen Miller Reacts to @CNN Interview  https://t.co/pvkcU1GyIX,0.0,0.0,1.0,0.0
371,Fox,72,Mon Jan 08 23:22:01 +0000 2018,"This week's #PAFarmShow features this butter sculpture which depicts a dairy cow, dairy farmer, agronomist, milk pr‚Ä¶ https://t.co/JfHUbZbdHX",0.0,0.0,1.0,0.0
372,Fox,73,Mon Jan 08 21:39:40 +0000 2018,".@POTUS speaking to the American Farm Bureau Federation: ""You are forgotten no more."" https://t.co/IXGscbC3lB",-0.4767,0.0,0.745,0.255
373,Fox,74,Mon Jan 08 20:12:35 +0000 2018,.@POTUS arrives in Nashville for speech to American Farm Bureau Federation https://t.co/1pIshXDcDA,0.0,0.0,1.0,0.0
374,Fox,75,Mon Jan 08 18:56:36 +0000 2018,#Trump administration ends TPS for El Salvador immigrants: What are these temporary protections? https://t.co/Vey7kLfQvU,0.0,0.0,1.0,0.0
375,Fox,76,Mon Jan 08 17:37:34 +0000 2018,".@KennedyNation on Steve Bannon's #Trump criticism: ""When you go after [@POTUS'] family, and particularly his child‚Ä¶ https://t.co/UK94HTD5gk",-0.4404,0.0,0.847,0.153
376,Fox,77,Mon Jan 08 16:00:00 +0000 2018,"Democratic strategist @EmTSusson on DACA: ""Everything [@POTUS] does is just putting more chaos into the system."" https://t.co/Zxsxzz5D8K",-0.6115,0.0,0.8,0.2
377,Fox,78,Mon Jan 08 13:25:50 +0000 2018,".@cvpayne: ""The president has done so many things with respect to removing regulations and getting the engine of ou‚Ä¶ https://t.co/ymEe2ymgAR",0.4767,0.14,0.86,0.0
378,Fox,79,Mon Jan 08 11:00:00 +0000 2018,"Iran banning English classes in primary schools citing 'cultural invasion' fears, official says https://t.co/bWJkFFNMWe",-0.4215,0.0,0.823,0.177
379,Fox,80,Mon Jan 08 08:46:45 +0000 2018,Army says it 'inadvertently' 'liked' Mindy Kaling's tweet mocking Trump https://t.co/3jrWN8HcuL,-0.4019,0.0,0.787,0.213
380,Fox,81,Mon Jan 08 04:45:02 +0000 2018,"This morning on ""Fox &amp; Friends,"" hosts @PeteHegseth, @LisaMarieBoothe, and @GriffJenkins pointed out the big change‚Ä¶ https://t.co/cQWUsaaoH6",0.0,0.0,1.0,0.0
381,Fox,82,Mon Jan 08 02:29:00 +0000 2018,".@Tim_Canova on DACA: ""We have to have a conversation in this country [of] what it means to be an American and how‚Ä¶ https://t.co/9vRiBbF7FN",0.0,0.0,1.0,0.0
382,Fox,83,Mon Jan 08 00:43:00 +0000 2018,Debra Messing slams E! over wage equality during live Golden Globes red carpet interview https://t.co/GoGMcfGhBz,0.0,0.0,1.0,0.0
383,Fox,84,Sun Jan 07 22:48:04 +0000 2018,"Trump Book Author Recalls WH Visits, Rebuffs Criticism       https://t.co/jrokFD3Wpp",-0.4404,0.0,0.734,0.266
384,Fox,85,Sun Jan 07 21:51:02 +0000 2018,".@POTUS, yesterday: ""There's been no collusion between us and the Russians. Now there has been collusion between‚Ä¶ https://t.co/5G5UH1NnOH",-0.296,0.0,0.885,0.115
385,Fox,86,Sun Jan 07 20:27:46 +0000 2018,Israel lists 20 groups to be denied entry over boycott calls https://t.co/QRgfvdAsd7,-0.6369,0.0,0.658,0.342
386,Fox,87,Sun Jan 07 19:20:24 +0000 2018,"Teacher brought back to US to face sex abuse charges, authorities say https://t.co/tecNJj3pF7",-0.743,0.0,0.636,0.364
387,Fox,88,Sun Jan 07 17:53:21 +0000 2018,BREAKING NEWS: Steve Bannon apologized for unflattering comments attributed to him in the recently released Trump W‚Ä¶ https://t.co/SKZmCRBrFb,0.3182,0.119,0.881,0.0
388,Fox,89,Sun Jan 07 16:40:13 +0000 2018,".@Scaramucci: ""In a month or two, this book will be over, but [@realDonaldTrump's] presidency will not be.""‚Ä¶ https://t.co/rfss34LCDM",0.0,0.0,1.0,0.0
389,Fox,90,Sun Jan 07 15:42:07 +0000 2018,".@TGowdySC: ""This time last year, Democrats wanted James Comey prosecuted. Remember that? Harry Reid wanted him pro‚Ä¶ https://t.co/mHYxcWokBh",-0.3818,0.0,0.867,0.133
390,Fox,91,Sun Jan 07 14:49:00 +0000 2018,RT @FoxNewsSunday: .@CLewandowski_on Wolff statements in book attributed to Bannon: If that's what Steve said he owes the whole Trump famil‚Ä¶,0.0,0.0,1.0,0.0
391,Fox,92,Sun Jan 07 14:19:38 +0000 2018,"RT @FoxNewsSunday: Mike Pompeo, CIA Director, on ‚ÄúFire and Fury‚Äù: Statements @MichaelWolffNYC made are beneath the conversation. They are t‚Ä¶",0.0,0.0,1.0,0.0
392,Fox,93,Sun Jan 07 11:32:09 +0000 2018,".@charliekirk11: ""You look at what the president has accomplished over the last year, it's absolutely unprecedented‚Ä¶ https://t.co/N67iklKgGA",0.4404,0.153,0.847,0.0
393,Fox,94,Sun Jan 07 07:14:05 +0000 2018,".@JCLayfield: ""The left right now is talking from emotion. They're not talking from facts."" https://t.co/pF2t1yltdh",0.0,0.0,1.0,0.0
394,Fox,95,Sun Jan 07 03:36:06 +0000 2018,".@AriFleischer on Clinton Foundation probe: ""This investigation is not a sham, it's a leftover. A leftover from the‚Ä¶ https://t.co/W1wZBGzIlF",0.0,0.0,1.0,0.0
395,Fox,96,Sun Jan 07 01:24:22 +0000 2018,".@CLewandowski_ on election 2016: ""You wanna know someone who didn't want to win? @HillaryClinton because she went‚Ä¶ https://t.co/xTlsgyrCFU",-0.5096,0.0,0.788,0.212
396,Fox,97,Sat Jan 06 22:58:12 +0000 2018,"Michael Waltz on North Korea: ""The Obama administration just completely took its foot off the gas and we are where‚Ä¶ https://t.co/9LjAGCRnTV",0.0,0.0,1.0,0.0
397,Fox,98,Sat Jan 06 21:45:02 +0000 2018,U.S. markets since election. https://t.co/8tZvr5Kpjm,0.0,0.0,1.0,0.0
398,Fox,99,Sat Jan 06 20:53:05 +0000 2018,".@VP: ""Rebuilding our military. Supporting law enforcement. Historic regulatory reform."" https://t.co/ODzS65uMvD https://t.co/aBzfFbYVew",0.4404,0.209,0.791,0.0
399,Fox,100,Sat Jan 06 19:34:42 +0000 2018,"Jerry Van Dyke, comedian, actor and younger brother of Dick Van Dyke has died at his Arkansas home at the age of 86‚Ä¶ https://t.co/bNSHHrHWll",-0.6486,0.085,0.689,0.226
400,NYT,1,Mon Jan 15 07:09:53 +0000 2018,"Their 25-year courtship was deeply rooted in friendship, love and their shared interest in social issues https://t.co/xj09S3t8Ev",0.9147,0.495,0.505,0.0
401,NYT,2,Mon Jan 15 02:59:58 +0000 2018,"RT @nytimesarts: In the battle of the peak-TV queens, it's Victoria's turn https://t.co/JJ8nOjD3sw",-0.3818,0.0,0.822,0.178
402,NYT,3,Sun Jan 14 22:06:15 +0000 2018,"Jaguars 45, Steelers 42 | Divisional round: Jaguars Stun Steelers to Reach A.F.C. Championship Game https://t.co/Oib9KNWqS1",0.4588,0.235,0.765,0.0
403,NYT,4,Sun Jan 14 17:45:09 +0000 2018,"A former Steeler's CTE diagnosis led to a $1 billion settlement for retired players, but a technicality has left hi‚Ä¶ https://t.co/ezbbd4vUBE",0.0,0.0,1.0,0.0
404,NYT,5,Sun Jan 14 13:09:09 +0000 2018,Op-Ed Columnist: Is There Life After Liberalism? https://t.co/hJDH8Ansf8,0.0,0.0,1.0,0.0
405,NYT,6,Sun Jan 14 08:05:22 +0000 2018,"James Spader: ""I think that men should think hard and listen carefully and perhaps we‚Äôll learn a thing or two"" https://t.co/k6FSzb0wvF",0.0258,0.072,0.861,0.067
406,NYT,7,Sun Jan 14 03:05:28 +0000 2018,"With a $33 million donation, Jeff Bezos injected himself into one of the most contentious political debates in the‚Ä¶ https://t.co/WstFPWY2aT",-0.3597,0.0,0.878,0.122
407,NYT,8,Sat Jan 13 22:30:09 +0000 2018,Many preschool teachers live on the edge of financial ruin https://t.co/Mt1nFvEwTy,-0.5859,0.0,0.725,0.275
408,NYT,9,Sat Jan 13 18:26:57 +0000 2018,"Keith Jackson, the down-home voice of college football for five decades, is dead at 89. ""Whoa, Nellie!"" was his sig‚Ä¶ https://t.co/Lad2HS1f6v",-0.68,0.0,0.813,0.187
409,NYT,10,Sat Jan 13 14:22:04 +0000 2018,"In the flu battle, hydration and elevation may be your best weapons https://t.co/AbL0kfCLJr",-0.4404,0.197,0.423,0.38
410,NYT,11,Sat Jan 13 09:25:30 +0000 2018,"Texas officials illegally blocked tens of thousands of students with disabilities from special education, federal o‚Ä¶ https://t.co/LTodQr34ml",0.1531,0.136,0.758,0.106
411,NYT,12,Sat Jan 13 04:32:03 +0000 2018,The discovery of a Cold War-era tunnel in Berlin offered a window into a city ‚Äî and a family ‚Äî divided by politics https://t.co/txfdQpL0Iq,0.0,0.0,1.0,0.0
412,NYT,13,Fri Jan 12 23:48:06 +0000 2018,Evening Briefing: Here's what you need to know at the end of the day https://t.co/xem6tivjwR,0.0,0.0,1.0,0.0
413,NYT,14,Fri Jan 12 19:38:02 +0000 2018,RT @nytimesbusiness: GM says it can have driverless cars ‚Äî¬†without steering wheels or brake pedals ‚Äî in mass production next year https://t‚Ä¶,0.0,0.0,1.0,0.0
414,NYT,15,Fri Jan 12 16:23:04 +0000 2018,"Inside the strange, global relay race that delivers a lifesaving isotope to America's hospitals https://t.co/NYPqPL7pIV",-0.2023,0.0,0.878,0.122
415,NYT,16,Fri Jan 12 12:00:05 +0000 2018,President Trump's disparaging words for Haiti and Africa have caused outrage worldwide  https://t.co/ifwC8nZwho,-0.7579,0.0,0.629,0.371
416,NYT,17,Fri Jan 12 06:48:04 +0000 2018,"Tons of rubbish is piling up in sites around the world ever since China said it no longer wanted to be the ""world's‚Ä¶ https://t.co/3MAPBFOGbV",-0.296,0.0,0.913,0.087
417,NYT,18,Fri Jan 12 02:02:05 +0000 2018,"RT @grynbaum: President Trump is expanding the news media‚Äôs vocabulary, one obscenity at a time. https://t.co/RBMbMCxNN0",0.0,0.0,1.0,0.0
418,NYT,19,Thu Jan 11 21:27:02 +0000 2018,"There was a smart refrigerator, a high-end smartphone and a TV that can be rolled up like a yoga mat. But artificia‚Ä¶ https://t.co/upo9j3AgiC",0.6369,0.234,0.766,0.0
419,NYT,20,Thu Jan 11 17:07:04 +0000 2018,"An $800,000 settlement for a transgender student in Wisconsin means his discrimination case won‚Äôt make it to the Su‚Ä¶ https://t.co/g2xdhAUlLK",0.0,0.0,1.0,0.0
420,NYT,21,Thu Jan 11 13:10:14 +0000 2018,"Immigration agents descended on 7-Eleven stores across the U.S., arresting 21. The Trump administration said it was‚Ä¶ https://t.co/zpdokcNLfA",0.0,0.0,1.0,0.0
421,NYT,22,Thu Jan 11 08:36:04 +0000 2018,Will democracy survive President Trump? 2 new books aren‚Äôt so sure. https://t.co/dDRwv0edWC,0.4572,0.23,0.77,0.0
422,NYT,23,Thu Jan 11 03:48:03 +0000 2018,"RT @Watching: ""Living Single"" is coming to Hulu tomorrow. If you're looking to really lean into streaming '90s shows, we've got you covered‚Ä¶",0.0,0.0,1.0,0.0
423,NYT,24,Wed Jan 10 22:47:04 +0000 2018,"Opinion: ""It's worth remembering that English has a long history of adapting to cultural change. That's something w‚Ä¶ https://t.co/cefyelNUTD",0.2263,0.101,0.899,0.0
424,NYT,25,Wed Jan 10 19:33:04 +0000 2018,RT @nytvideo: ‚ÄúHe believed he was acting within the guidelines of the law. I believed in giving him the agency the Chinese government and s‚Ä¶,0.34,0.094,0.906,0.0
425,NYT,26,Wed Jan 10 16:53:02 +0000 2018,Another search has begun for Malaysia Airlines Flight 370. A U.S. company could be paid as much as $70 million if i‚Ä¶ https://t.co/zofYIIl5mr,0.0,0.0,1.0,0.0
426,NYT,27,Wed Jan 10 13:40:04 +0000 2018,The number of migrants trying to enter the U.S. has surged in recent months https://t.co/5qh72INaF5,0.0772,0.085,0.915,0.0
427,NYT,28,Wed Jan 10 09:14:03 +0000 2018,"RT @nytimesworld: When Afghan men face women in powerful positions: ‚ÄúThey get confused, totally confused. They try to fit this individual i‚Ä¶",0.1779,0.19,0.645,0.165
428,NYT,29,Wed Jan 10 04:17:06 +0000 2018,"RT @katierogers: As questions swirl about his weight, lifestyle and mental health, the president's first full physical is scheduled for Fri‚Ä¶",0.0,0.0,1.0,0.0
429,NYT,30,Tue Jan 09 23:32:03 +0000 2018,"A new 3-D videomicroscope gives surgeons ""Superman eyes"" and helps them perform and teach delicate brain operations https://t.co/3s98HARVkI",0.4215,0.202,0.798,0.0
430,NYT,31,Tue Jan 09 19:37:03 +0000 2018,"In a new documentary series, Tom Brady allows a filmmaker to pull back the curtain on his private life https://t.co/R9eRREqVeM",0.0,0.0,1.0,0.0
431,NYT,32,Tue Jan 09 15:16:06 +0000 2018,"""Sports diplomacy is a sexy affair,"" said a Korea expert. ""Pyongyang has all the reason to jazz up the Winter Olymp‚Ä¶ https://t.co/dNCoR48qFb",0.5267,0.152,0.848,0.0
432,NYT,33,Tue Jan 09 11:01:59 +0000 2018,"RT @nytimesarts: ‚ÄúThe Shape of Water‚Äù picked up 12 nominations for the British equivalent of the Oscars, the #EEBAFTAs https://t.co/bkKTTWZ‚Ä¶",0.0,0.0,1.0,0.0
433,NYT,34,Tue Jan 09 06:17:06 +0000 2018,"Indians who are gay ""should never remain in a state of fear,"" and that ""societal morality also changes from age to‚Ä¶ https://t.co/Ih3K1kxj2M",0.0,0.0,1.0,0.0
434,NYT,35,Tue Jan 09 02:32:03 +0000 2018,"RT @HannaIngber: We heard from a lot of readers who were upset with our obituary of Thomas Monson, who was head of the Mormon Church. Our o‚Ä¶",-0.3818,0.0,0.906,0.094
435,NYT,36,Mon Jan 08 22:00:39 +0000 2018,"‚ÄúWe had hope that if we worked hard, paid our taxes and didn‚Äôt get in trouble we would be allowed to stay‚Äù https://t.co/X8L2cyVr7Z",-0.0516,0.107,0.741,0.152
436,NYT,37,Mon Jan 08 17:50:19 +0000 2018,"At least 4 people from 3 states have lined up to claim Charles Manson‚Äôs body, his property or both in the weeks sin‚Ä¶ https://t.co/seg8USY4ll",0.0,0.0,1.0,0.0
437,NYT,38,Mon Jan 08 15:04:55 +0000 2018,"RT @melbournecoal: BREAK: GLAMOUR has chosen its next top editor: Samantha Barry, an executive producer at CNN. Her digital and television‚Ä¶",0.7125,0.238,0.762,0.0
438,NYT,39,Mon Jan 08 11:00:23 +0000 2018,Israel published a blacklist of 20 organizations whose leaders it has barred from entering the country for supporti‚Ä¶ https://t.co/SSYCUKsLvl,0.0,0.0,1.0,0.0
439,NYT,40,Mon Jan 08 05:50:44 +0000 2018,"In an 11,500-year-old skeleton found in Alaska, scientists have found new clues to how people first arrived in the‚Ä¶ https://t.co/HrX9q2fbZY",0.0,0.0,1.0,0.0
440,NYT,41,Mon Jan 08 03:13:44 +0000 2018,"Recy Taylor, who Oprah just mentioned, was gang-raped by 6 white men in 1944, in a case that galvanized the early c‚Ä¶ https://t.co/AoMOdSLWKi",0.0,0.0,1.0,0.0
441,NYT,42,Mon Jan 08 02:00:02 +0000 2018,@itsgabrielleu The caption has since been updated to acknowledge QUEEN Rita Moreno https://t.co/YSr4G1EOOg https://t.co/tA1sNvRgxj,0.0,0.0,1.0,0.0
442,NYT,43,Mon Jan 08 00:35:01 +0000 2018,This succulent chicken recipe is as timeless as they come https://t.co/rwRhC2geUg,0.0,0.0,1.0,0.0
443,NYT,44,Sun Jan 07 22:30:30 +0000 2018,"A water main break flooded part of JFK airport, disrupting flights, stranding passengers and adding to the delays f‚Ä¶ https://t.co/LnRP1GuZ2O",0.0,0.0,1.0,0.0
444,NYT,45,Sun Jan 07 17:30:08 +0000 2018,‚ÄúThis may actually send a message to the fraternities that they need to do more‚Äù https://t.co/529xSK7lvU,0.0,0.0,1.0,0.0
445,NYT,46,Sun Jan 07 13:15:29 +0000 2018,Golden Globes Briefing: Golden Globes 2018: What to Watch For https://t.co/h3XDdS0798,0.0,0.0,1.0,0.0
446,NYT,47,Sun Jan 07 07:31:27 +0000 2018,"Paraguayan students were once beaten and humiliated for speaking Guaran√≠. Now, schools are required to teach the la‚Ä¶ https://t.co/qRmBHMf3i2",-0.6369,0.0,0.766,0.234
447,NYT,48,Sun Jan 07 02:13:25 +0000 2018,New Jersey is now the last state in the nation where drivers are not allowed to pump their own gasoline https://t.co/jSbFU0HcVk,0.0,0.0,1.0,0.0
448,NYT,49,Sat Jan 06 21:02:04 +0000 2018,A man who turned his basement outside Chicago into a makeshift homeless shelter has been ordered to shut it down https://t.co/dO9nPlnIcI,0.0,0.0,1.0,0.0
449,NYT,50,Sat Jan 06 16:02:05 +0000 2018,Southwest settled a class action lawsuit for $15 million but denied having entered into any unlawful agreements wit‚Ä¶ https://t.co/qobYcbboDU,-0.3919,0.115,0.654,0.231
450,NYT,51,Sat Jan 06 11:28:21 +0000 2018,Evidence suggests that stricter measures to discourage smoking would make even smokers themselves happier https://t.co/CVy9scdjwJ,0.1531,0.177,0.677,0.146
451,NYT,52,Sat Jan 06 05:53:30 +0000 2018,"Where pot entrepreneurs go when the banks just say no
https://t.co/c2aadcWF1C",-0.296,0.0,0.82,0.18
452,NYT,53,Sat Jan 06 00:46:06 +0000 2018,"President Trump asked Congress for $18 billion for a border wall. In exchange, he offered to protect young undocume‚Ä¶ https://t.co/6NbLrdkxSt",0.3818,0.126,0.874,0.0
453,NYT,54,Fri Jan 05 20:42:06 +0000 2018,"RT @nytopinion: For decades, the United States was a global beacon for those who embraced liberal values. China‚Äôs rise is a blunt counterpo‚Ä¶",0.6705,0.224,0.776,0.0
454,NYT,55,Fri Jan 05 17:55:06 +0000 2018,"Schools in Baltimore don't have heat. Teachers say students have been forced to attend classes bundled up in coats,‚Ä¶ https://t.co/7ZdqywuYHA",-0.4588,0.0,0.864,0.136
455,NYT,56,Fri Jan 05 14:30:56 +0000 2018,"Even the most eager consumers of ""fake news"" are reading far more of the real kind, a new study finds https://t.co/wKRK8pyQf7",0.4754,0.236,0.647,0.118
456,NYT,57,Fri Jan 05 10:16:06 +0000 2018,North Korea accepted the South‚Äôs proposal that the two Koreas hold the negotiations at the border village of Panmun‚Ä¶ https://t.co/ISq6WbvZLf,0.2732,0.1,0.9,0.0
457,NYT,58,Fri Jan 05 05:17:04 +0000 2018,Alabama newspaper executive resigns after admitting he once spanked a reporter https://t.co/3LAC5FyCoo,-0.3182,0.0,0.813,0.187
458,NYT,59,Fri Jan 05 00:48:14 +0000 2018,Exclusive reporting on the Russia inquiry: President Trump ordered his lawyer to stop Jeff Sessions from recusing h‚Ä¶ https://t.co/SahtkvL10m,-0.1779,0.072,0.821,0.106
459,NYT,60,Thu Jan 04 21:05:10 +0000 2018,"""You should be able to walk in off the street and see the art just as you can enter a public library and read the b‚Ä¶ https://t.co/BmFXHA14qx",0.0,0.0,1.0,0.0
460,NYT,61,Thu Jan 04 18:15:09 +0000 2018,RT @nytopinion: How about Matt Damon refuses to show up to work until his female co-stars are paid as much as he is? https://t.co/fXtNFQCeOQ,0.0,0.0,1.0,0.0
461,NYT,62,Thu Jan 04 14:45:16 +0000 2018,President Trump signed an executive order to disband a White House commission investigating claims of voter fraud https://t.co/ZKU1CnxZ9c,-0.5859,0.0,0.808,0.192
462,NYT,63,Thu Jan 04 10:00:17 +0000 2018,Donald Trump is watching from the sidelines as the two Koreas open a dialogue https://t.co/kxf2ls5Juk,0.0,0.0,1.0,0.0
463,NYT,64,Thu Jan 04 05:02:04 +0000 2018,"RT @NYTNational: So, what is this ""bomb cyclone"" that the East Coast is grappling with? @henryfountain explains. https://t.co/rzOexRbFzd",-0.5789,0.0,0.819,0.181
464,NYT,65,Thu Jan 04 00:02:05 +0000 2018,"NYC schools will be closed Thursday as a storm threatens to bring snow, wind and bitter cold across the East Coast https://t.co/rjulDAKCP5",-0.6597,0.0,0.779,0.221
465,NYT,66,Wed Jan 03 20:32:04 +0000 2018,Twitter says President Trump's North Korea tweet didn't violate its terms of service. But would it ever suspend or‚Ä¶ https://t.co/YWONMqdQ3k,0.0844,0.115,0.785,0.1
466,NYT,67,Wed Jan 03 17:42:04 +0000 2018,Will Hollywood learn from this moment of reckoning or will it be business as usual in 2018? @AOScott and‚Ä¶ https://t.co/tr4J0EkOr6,0.0,0.0,1.0,0.0
467,NYT,68,Wed Jan 03 15:00:36 +0000 2018,Morning¬†Briefing: Here's what you need to know to start your day https://t.co/94FkRcBbfV https://t.co/bZyCa6Eox9,0.0,0.0,1.0,0.0
468,NYT,69,Wed Jan 03 10:30:12 +0000 2018,13 monkeys were killed in a fire at a UK safari park https://t.co/BClp737HuT,-0.7845,0.0,0.566,0.434
469,NYT,70,Wed Jan 03 05:32:08 +0000 2018,"The Korean War has been called ‚Äúthe Forgotten War‚Äù in the United States, but it set the stage for decades of tension https://t.co/2urIaHnGLT",-0.6059,0.068,0.685,0.247
470,NYT,71,Wed Jan 03 00:47:04 +0000 2018,Want in-flight entertainment? You may have to bring your own screen. https://t.co/EywbRnQnRb,0.4767,0.291,0.709,0.0
471,NYT,72,Tue Jan 02 19:55:21 +0000 2018,Read The New York Times investigation into allegations of sexual harassment at Vice: https://t.co/2xdmoPRu6c,-0.5423,0.0,0.788,0.212
472,NYT,73,Tue Jan 02 15:45:08 +0000 2018,"The Dutch, like many elsewhere, are living longer than in previous generations. As they do, courses are teaching th‚Ä¶ https://t.co/XGgeD5Kopu",0.3612,0.116,0.884,0.0
473,NYT,74,Tue Jan 02 11:45:07 +0000 2018,"""The time has come to express our biblical right to the land,"" Israel's public security minister said https://t.co/raxNQsbNEQ",0.34,0.124,0.876,0.0
474,NYT,75,Tue Jan 02 06:40:06 +0000 2018,"Opinion: From an identity politics that emphasized our common humanity, we‚Äôve gone to an identity politics that emp‚Ä¶ https://t.co/8sF0jlNN8c",0.0,0.0,1.0,0.0
475,NYT,76,Tue Jan 02 02:15:32 +0000 2018,RT @rpogrebin: BREAKING SCOOP: Peter Martins out as head of City Ballet in wake of allegations  https://t.co/NKv97K66YY,0.3254,0.127,0.873,0.0
476,NYT,77,Mon Jan 01 21:16:02 +0000 2018,Prospects are dire for the youngest Rohingya refugees. ‚ÄúWe have no idea how all these children are going to process‚Ä¶ https://t.co/WrX9wCZ1YG,-0.4588,0.087,0.709,0.205
477,NYT,78,Mon Jan 01 17:01:03 +0000 2018,Doctors at a veterans hospital in Oregon say a push for better ratings are putting patients at risk‚Ä¶ https://t.co/yVoy3Z4uoC,0.4404,0.153,0.847,0.0
478,NYT,79,Mon Jan 01 11:45:53 +0000 2018,"At Veterans Hospital in Oregon, a Push for Better Ratings Puts Patients at Risk, Doctors Say https://t.co/gXOFsxqp0U",0.2023,0.153,0.737,0.111
479,NYT,80,Mon Jan 01 07:00:54 +0000 2018,There's a water crisis in Cape Town. Travelers should be prepared (and can help). https://t.co/iyc2bAWm9D https://t.co/0u2gcXPQo9,-0.4939,0.1,0.684,0.216
480,NYT,81,Mon Jan 01 02:05:45 +0000 2018,Fatal ‚ÄòSwatting‚Äô Episode in Kansas Raises Quandary: Who Is to Blame? https://t.co/TgqOTbFHYD,-0.7096,0.0,0.629,0.371
481,NYT,82,Sun Dec 31 21:40:03 +0000 2017,"In 2016, George Papadopoulos, a Trump foreign policy adviser, revealed to a top Australian diplomat over drinks tha‚Ä¶ https://t.co/fjRl5Z2idG",0.2023,0.101,0.899,0.0
482,NYT,83,Sun Dec 31 17:25:04 +0000 2017,"Many Germans feel left behind, Angela Merkel said in her New Year's address. She pledged to ‚Äúhave an eye on the nee‚Ä¶ https://t.co/mGOaw1uziQ",0.0,0.0,1.0,0.0
483,NYT,84,Sun Dec 31 12:55:05 +0000 2017,"""There‚Äôs no word or phrase that names a mother who is wheeled to the hospital doors without her baby in her arms ‚Äî‚Ä¶ https://t.co/Cmhq5QQxOi",-0.296,0.0,0.909,0.091
484,NYT,85,Sun Dec 31 07:19:19 +0000 2017,"Astronomers have their noses pressed against the windows of the unknown, wanting to believe in life elsewhere https://t.co/kg3rfpEYDy",0.0,0.0,1.0,0.0
485,NYT,86,Sun Dec 31 01:11:48 +0000 2017,A Year of Animal Oddities Around the World: 7 Reader Favorites https://t.co/EOyBFrPLa2,0.4215,0.237,0.763,0.0
486,NYT,87,Sat Dec 30 21:13:02 +0000 2017,"RT @nytpolitics: A Pennsylvania judge said Friday the state‚Äôs Congressional districts were drawn to give Republicans an advantage, but they‚Ä¶",0.128,0.077,0.923,0.0
487,NYT,88,Sat Dec 30 18:03:08 +0000 2017,Brussels forbids regular tents on its streets. Origami-style cardboard tents are giving homeless people a safe way‚Ä¶ https://t.co/j1mae8cC01,0.4588,0.245,0.648,0.106
488,NYT,89,Sat Dec 30 15:03:05 +0000 2017,"What love and sadness look like in 5 countries, according to their top GIFs https://t.co/QqR7WK9BH1",0.6808,0.397,0.467,0.136
489,NYT,90,Sat Dec 30 09:47:41 +0000 2017,"Astronomers have their noses pressed against the windows of the unknown, wanting to believe in life elsewhere https://t.co/eB5IUEsbZd",0.0,0.0,1.0,0.0
490,NYT,91,Sat Dec 30 03:58:23 +0000 2017,RT @NYTSports: Bowl game roundup: Northwestern edged Kentucky in a wild finish at the Music City Bowl. https://t.co/kR0xtS0WlY https://t.co‚Ä¶,0.0,0.0,1.0,0.0
491,NYT,92,Fri Dec 29 23:15:12 +0000 2017,The NYT obituary for Sue Grafton https://t.co/Rgnb9rstqa,0.0,0.0,1.0,0.0
492,NYT,93,Fri Dec 29 18:46:03 +0000 2017,"Astronomers have their noses pressed against the windows of the unknown, wanting to believe in life elsewhere https://t.co/nbPodFHX47",0.0,0.0,1.0,0.0
493,NYT,94,Fri Dec 29 13:46:04 +0000 2017,"Yeah, it's cold. So cold that polar-bear plunges are being canceled because of fears of frostbite and hypothermia. https://t.co/ZV6bCmE0Nh",-0.1531,0.1,0.773,0.127
494,NYT,95,Fri Dec 29 08:37:39 +0000 2017,South Korea has seized a Hong Kong-flagged oil tanker accused of transferring 600 tons of refined oil to a North Ko‚Ä¶ https://t.co/Xu7xouzIS5,-0.296,0.0,0.896,0.104
495,NYT,96,Fri Dec 29 03:25:04 +0000 2017,"President Trump cast doubt on the reality of climate change, but he appeared unaware of the distinction between wea‚Ä¶ https://t.co/gUCA2PoFoY",-0.4497,0.0,0.82,0.18
496,NYT,97,Thu Dec 28 23:25:05 +0000 2017,"Opinion: My models are the mothers ""who cradle a baby with one arm and try to overthrow an illegitimate government‚Ä¶ https://t.co/r443EFbHPn",0.0,0.0,1.0,0.0
497,NYT,98,Thu Dec 28 19:26:29 +0000 2017,"RT @joecoscarelli: what do Drake, Katy Perry, the Weeknd, Rihanna, Calvin Harris, Nicki Minaj, Big Sean, Halsey, Maroon 5, Travis Scott and‚Ä¶",0.0,0.0,1.0,0.0
498,NYT,99,Thu Dec 28 15:35:08 +0000 2017,Investigators noted numerous failings and found that the FDA didn't always evaluate health hazards in a timely mann‚Ä¶ https://t.co/oD13t2ukF5,-0.4939,0.0,0.842,0.158
499,NYT,100,Thu Dec 28 10:35:05 +0000 2017,The Year in Pictures: To pause and look back is a revelation https://t.co/wOtaNg2JWP https://t.co/vE1vv5i8ob,0.0,0.0,1.0,0.0
